,contributors,coordinates,created_at,entities,extended_entities,favorite_count,favorited,geo,id,id_str,in_reply_to_screen_name,in_reply_to_status_id,in_reply_to_status_id_str,in_reply_to_user_id,in_reply_to_user_id_str,is_quote_status,lang,metadata,place,possibly_sensitive,quoted_status_id,quoted_status_id_str,retweet_count,retweeted,retweeted_status,source,text,truncated,user
0,,,Sun Nov 04 21:54:21 +0000 2018,"{'hashtags': [], 'symbols': [], 'user_mentions': [], 'urls': []}",,0,False,,1059202215741538304,1059202215741538304,,,,,,False,en,"{'iso_language_code': 'en', 'result_type': 'recent'}","{'id': '960993b9cfdffda9', 'url': 'https://api.twitter.com/1.1/geo/id/960993b9cfdffda9.json', 'place_type': 'city', 'name': 'Bakersfield', 'full_name': 'Bakersfield, CA', 'country_code': 'US', 'country': 'United States', 'contained_within': [], 'bounding_box': {'type': 'Polygon', 'coordinates': [[[-119.172179, 35.255821], [-118.878147, 35.255821], [-118.878147, 35.4379816], [-119.172179, 35.4379816]]]}, 'attributes': {}}",,,,0,False,,"<a href=""http://twitter.com/download/iphone"" rel=""nofollow"">Twitter for iPhone</a>","New life lesson. 
Weed out the toxic people in your life as soon as possible and RUN.
Always put yourself first.",False,"{'id': 2958743563, 'id_str': '2958743563', 'name': 'Jorgie Santacruzüêº', 'screen_name': 'JorgieBby', 'location': '', 'description': 'life is like a bowl of cherries...', 'url': 'https://t.co/UlVOaioYtg', 'entities': {'url': {'urls': [{'url': 'https://t.co/UlVOaioYtg', 'expanded_url': 'http://jorgieporgiepuddingandpie.tumblr.com', 'display_url': 'jorgieporgiepuddingandpie.tumblr.com', 'indices': [0, 23]}]}, 'description': {'urls': []}}, 'protected': False, 'followers_count': 107, 'friends_count': 120, 'listed_count': 8, 'created_at': 'Sun Jan 04 17:32:09 +0000 2015', 'favourites_count': 5806, 'utc_offset': None, 'time_zone': None, 'geo_enabled': True, 'verified': False, 'statuses_count': 7331, 'lang': 'en', 'contributors_enabled': False, 'is_translator': False, 'is_translation_enabled': False, 'profile_background_color': '000000', 'profile_background_image_url': 'http://abs.twimg.com/images/themes/theme1/bg.png', 'profile_background_image_url_https': 'https://abs.twimg.com/images/themes/theme1/bg.png', 'profile_background_tile': False, 'profile_image_url': 'http://pbs.twimg.com/profile_images/1049415229577154561/hU3XEI7Q_normal.jpg', 'profile_image_url_https': 'https://pbs.twimg.com/profile_images/1049415229577154561/hU3XEI7Q_normal.jpg', 'profile_banner_url': 'https://pbs.twimg.com/profile_banners/2958743563/1535224255', 'profile_link_color': '9266CC', 'profile_sidebar_border_color': '000000', 'profile_sidebar_fill_color': '000000', 'profile_text_color': '000000', 'profile_use_background_image': False, 'has_extended_profile': False, 'default_profile': False, 'default_profile_image': False, 'following': False, 'follow_request_sent': False, 'notifications': False, 'translator_type': 'none'}"
1,,,Sun Nov 04 21:54:20 +0000 2018,"{'hashtags': [], 'symbols': [], 'user_mentions': [{'screen_name': 'LilNasX', 'name': 'nope', 'id': 754006735468261376, 'id_str': '754006735468261376', 'indices': [3, 11]}], 'urls': []}",,0,False,,1059202209701945350,1059202209701945350,,,,,,False,en,"{'iso_language_code': 'en', 'result_type': 'recent'}",,,,,26582,False,"{'created_at': 'Sun Nov 04 07:47:38 +0000 2018', 'id': 1058989131454406656, 'id_str': '1058989131454406656', 'text': 'nobody: \n\nnigga who smokes weed on snapchat all day: i know they praying on my downfall', 'truncated': False, 'entities': {'hashtags': [], 'symbols': [], 'user_mentions': [], 'urls': []}, 'metadata': {'iso_language_code': 'en', 'result_type': 'recent'}, 'source': '<a href=""http://twitter.com/download/iphone"" rel=""nofollow"">Twitter for iPhone</a>', 'in_reply_to_status_id': None, 'in_reply_to_status_id_str': None, 'in_reply_to_user_id': None, 'in_reply_to_user_id_str': None, 'in_reply_to_screen_name': None, 'user': {'id': 754006735468261376, 'id_str': '754006735468261376', 'name': 'nope', 'screen_name': 'LilNasX', 'location': 'atl', 'description': 'nasarati out now. booking & features: lilnasx2@gmail.com https://t.co/3ZUo4lQLXP click the link below to peep my music', 'url': 'https://t.co/br8lEMY0wP', 'entities': {'url': {'urls': [{'url': 'https://t.co/br8lEMY0wP', 'expanded_url': 'http://lilnasx.com', 'display_url': 'lilnasx.com', 'indices': [0, 23]}]}, 'description': {'urls': [{'url': 'https://t.co/3ZUo4lQLXP', 'expanded_url': 'http://Instagram.com/lilnasx', 'display_url': 'Instagram.com/lilnasx', 'indices': [57, 80]}]}}, 'protected': False, 'followers_count': 30970, 'friends_count': 485, 'listed_count': 657, 'created_at': 'Fri Jul 15 17:36:29 +0000 2016', 'favourites_count': 20861, 'utc_offset': None, 'time_zone': None, 'geo_enabled': True, 'verified': False, 'statuses_count': 2126, 'lang': 'en', 'contributors_enabled': False, 'is_translator': False, 'is_translation_enabled': False, 'profile_background_color': 'F5F8FA', 'profile_background_image_url': None, 'profile_background_image_url_https': None, 'profile_background_tile': False, 'profile_image_url': 'http://pbs.twimg.com/profile_images/1011848182043758597/8fPPIz7S_normal.jpg', 'profile_image_url_https': 'https://pbs.twimg.com/profile_images/1011848182043758597/8fPPIz7S_normal.jpg', 'profile_banner_url': 'https://pbs.twimg.com/profile_banners/754006735468261376/1530075729', 'profile_link_color': '1DA1F2', 'profile_sidebar_border_color': 'C0DEED', 'profile_sidebar_fill_color': 'DDEEF6', 'profile_text_color': '333333', 'profile_use_background_image': True, 'has_extended_profile': True, 'default_profile': True, 'default_profile_image': False, 'following': False, 'follow_request_sent': False, 'notifications': False, 'translator_type': 'none'}, 'geo': None, 'coordinates': None, 'place': None, 'contributors': None, 'is_quote_status': False, 'retweet_count': 26582, 'favorite_count': 111420, 'favorited': False, 'retweeted': False, 'lang': 'en'}","<a href=""http://twitter.com/download/iphone"" rel=""nofollow"">Twitter for iPhone</a>","RT @LilNasX: nobody: 

nigga who smokes weed on snapchat all day: i know they praying on my downfall",False,"{'id': 3251242980, 'id_str': '3251242980', 'name': 'Britt üåª', 'screen_name': 'clapforbrittany', 'location': '', 'description': '', 'url': None, 'entities': {'description': {'urls': []}}, 'protected': False, 'followers_count': 548, 'friends_count': 443, 'listed_count': 2, 'created_at': 'Sun Jun 21 05:20:33 +0000 2015', 'favourites_count': 8097, 'utc_offset': None, 'time_zone': None, 'geo_enabled': False, 'verified': False, 'statuses_count': 9743, 'lang': 'en', 'contributors_enabled': False, 'is_translator': False, 'is_translation_enabled': False, 'profile_background_color': 'C0DEED', 'profile_background_image_url': 'http://abs.twimg.com/images/themes/theme1/bg.png', 'profile_background_image_url_https': 'https://abs.twimg.com/images/themes/theme1/bg.png', 'profile_background_tile': False, 'profile_image_url': 'http://pbs.twimg.com/profile_images/990986337942720518/Dk1zYiii_normal.jpg', 'profile_image_url_https': 'https://pbs.twimg.com/profile_images/990986337942720518/Dk1zYiii_normal.jpg', 'profile_banner_url': 'https://pbs.twimg.com/profile_banners/3251242980/1514348540', 'profile_link_color': '1DA1F2', 'profile_sidebar_border_color': 'C0DEED', 'profile_sidebar_fill_color': 'DDEEF6', 'profile_text_color': '333333', 'profile_use_background_image': True, 'has_extended_profile': True, 'default_profile': True, 'default_profile_image': False, 'following': False, 'follow_request_sent': False, 'notifications': False, 'translator_type': 'none'}"
2,,,Sun Nov 04 21:54:18 +0000 2018,"{'hashtags': [], 'symbols': [], 'user_mentions': [{'screen_name': 'LilNasX', 'name': 'nope', 'id': 754006735468261376, 'id_str': '754006735468261376', 'indices': [3, 11]}], 'urls': []}",,0,False,,1059202203158638592,1059202203158638592,,,,,,False,en,"{'iso_language_code': 'en', 'result_type': 'recent'}",,,,,26582,False,"{'created_at': 'Sun Nov 04 07:47:38 +0000 2018', 'id': 1058989131454406656, 'id_str': '1058989131454406656', 'text': 'nobody: \n\nnigga who smokes weed on snapchat all day: i know they praying on my downfall', 'truncated': False, 'entities': {'hashtags': [], 'symbols': [], 'user_mentions': [], 'urls': []}, 'metadata': {'iso_language_code': 'en', 'result_type': 'recent'}, 'source': '<a href=""http://twitter.com/download/iphone"" rel=""nofollow"">Twitter for iPhone</a>', 'in_reply_to_status_id': None, 'in_reply_to_status_id_str': None, 'in_reply_to_user_id': None, 'in_reply_to_user_id_str': None, 'in_reply_to_screen_name': None, 'user': {'id': 754006735468261376, 'id_str': '754006735468261376', 'name': 'nope', 'screen_name': 'LilNasX', 'location': 'atl', 'description': 'nasarati out now. booking & features: lilnasx2@gmail.com https://t.co/3ZUo4lQLXP click the link below to peep my music', 'url': 'https://t.co/br8lEMY0wP', 'entities': {'url': {'urls': [{'url': 'https://t.co/br8lEMY0wP', 'expanded_url': 'http://lilnasx.com', 'display_url': 'lilnasx.com', 'indices': [0, 23]}]}, 'description': {'urls': [{'url': 'https://t.co/3ZUo4lQLXP', 'expanded_url': 'http://Instagram.com/lilnasx', 'display_url': 'Instagram.com/lilnasx', 'indices': [57, 80]}]}}, 'protected': False, 'followers_count': 30970, 'friends_count': 485, 'listed_count': 657, 'created_at': 'Fri Jul 15 17:36:29 +0000 2016', 'favourites_count': 20861, 'utc_offset': None, 'time_zone': None, 'geo_enabled': True, 'verified': False, 'statuses_count': 2126, 'lang': 'en', 'contributors_enabled': False, 'is_translator': False, 'is_translation_enabled': False, 'profile_background_color': 'F5F8FA', 'profile_background_image_url': None, 'profile_background_image_url_https': None, 'profile_background_tile': False, 'profile_image_url': 'http://pbs.twimg.com/profile_images/1011848182043758597/8fPPIz7S_normal.jpg', 'profile_image_url_https': 'https://pbs.twimg.com/profile_images/1011848182043758597/8fPPIz7S_normal.jpg', 'profile_banner_url': 'https://pbs.twimg.com/profile_banners/754006735468261376/1530075729', 'profile_link_color': '1DA1F2', 'profile_sidebar_border_color': 'C0DEED', 'profile_sidebar_fill_color': 'DDEEF6', 'profile_text_color': '333333', 'profile_use_background_image': True, 'has_extended_profile': True, 'default_profile': True, 'default_profile_image': False, 'following': False, 'follow_request_sent': False, 'notifications': False, 'translator_type': 'none'}, 'geo': None, 'coordinates': None, 'place': None, 'contributors': None, 'is_quote_status': False, 'retweet_count': 26582, 'favorite_count': 111420, 'favorited': False, 'retweeted': False, 'lang': 'en'}","<a href=""http://twitter.com/download/iphone"" rel=""nofollow"">Twitter for iPhone</a>","RT @LilNasX: nobody: 

nigga who smokes weed on snapchat all day: i know they praying on my downfall",False,"{'id': 729000345867689984, 'id_str': '729000345867689984', 'name': 'lexus üåπ', 'screen_name': 'lexuusjackson', 'location': 'Canada', 'description': 'c.m‚ù£Ô∏è// dental hygieneüë©üèΩ\u200d‚öïÔ∏è                                    Virgoüòà‚ôçÔ∏è', 'url': None, 'entities': {'description': {'urls': []}}, 'protected': False, 'followers_count': 853, 'friends_count': 421, 'listed_count': 3, 'created_at': 'Sat May 07 17:30:01 +0000 2016', 'favourites_count': 24004, 'utc_offset': None, 'time_zone': None, 'geo_enabled': True, 'verified': False, 'statuses_count': 14150, 'lang': 'en', 'contributors_enabled': False, 'is_translator': False, 'is_translation_enabled': False, 'profile_background_color': 'F5F8FA', 'profile_background_image_url': None, 'profile_background_image_url_https': None, 'profile_background_tile': False, 'profile_image_url': 'http://pbs.twimg.com/profile_images/1058339397660262401/fl3_4Q5r_normal.jpg', 'profile_image_url_https': 'https://pbs.twimg.com/profile_images/1058339397660262401/fl3_4Q5r_normal.jpg', 'profile_banner_url': 'https://pbs.twimg.com/profile_banners/729000345867689984/1539092796', 'profile_link_color': '1DA1F2', 'profile_sidebar_border_color': 'C0DEED', 'profile_sidebar_fill_color': 'DDEEF6', 'profile_text_color': '333333', 'profile_use_background_image': True, 'has_extended_profile': True, 'default_profile': True, 'default_profile_image': False, 'following': False, 'follow_request_sent': False, 'notifications': False, 'translator_type': 'none'}"
3,,,Sun Nov 04 21:54:18 +0000 2018,"{'hashtags': [], 'symbols': [], 'user_mentions': [{'screen_name': 'LilNasX', 'name': 'nope', 'id': 754006735468261376, 'id_str': '754006735468261376', 'indices': [3, 11]}], 'urls': []}",,0,False,,1059202202210717697,1059202202210717697,,,,,,False,en,"{'iso_language_code': 'en', 'result_type': 'recent'}",,,,,26582,False,"{'created_at': 'Sun Nov 04 07:47:38 +0000 2018', 'id': 1058989131454406656, 'id_str': '1058989131454406656', 'text': 'nobody: \n\nnigga who smokes weed on snapchat all day: i know they praying on my downfall', 'truncated': False, 'entities': {'hashtags': [], 'symbols': [], 'user_mentions': [], 'urls': []}, 'metadata': {'iso_language_code': 'en', 'result_type': 'recent'}, 'source': '<a href=""http://twitter.com/download/iphone"" rel=""nofollow"">Twitter for iPhone</a>', 'in_reply_to_status_id': None, 'in_reply_to_status_id_str': None, 'in_reply_to_user_id': None, 'in_reply_to_user_id_str': None, 'in_reply_to_screen_name': None, 'user': {'id': 754006735468261376, 'id_str': '754006735468261376', 'name': 'nope', 'screen_name': 'LilNasX', 'location': 'atl', 'description': 'nasarati out now. booking & features: lilnasx2@gmail.com https://t.co/3ZUo4lQLXP click the link below to peep my music', 'url': 'https://t.co/br8lEMY0wP', 'entities': {'url': {'urls': [{'url': 'https://t.co/br8lEMY0wP', 'expanded_url': 'http://lilnasx.com', 'display_url': 'lilnasx.com', 'indices': [0, 23]}]}, 'description': {'urls': [{'url': 'https://t.co/3ZUo4lQLXP', 'expanded_url': 'http://Instagram.com/lilnasx', 'display_url': 'Instagram.com/lilnasx', 'indices': [57, 80]}]}}, 'protected': False, 'followers_count': 30970, 'friends_count': 485, 'listed_count': 657, 'created_at': 'Fri Jul 15 17:36:29 +0000 2016', 'favourites_count': 20861, 'utc_offset': None, 'time_zone': None, 'geo_enabled': True, 'verified': False, 'statuses_count': 2126, 'lang': 'en', 'contributors_enabled': False, 'is_translator': False, 'is_translation_enabled': False, 'profile_background_color': 'F5F8FA', 'profile_background_image_url': None, 'profile_background_image_url_https': None, 'profile_background_tile': False, 'profile_image_url': 'http://pbs.twimg.com/profile_images/1011848182043758597/8fPPIz7S_normal.jpg', 'profile_image_url_https': 'https://pbs.twimg.com/profile_images/1011848182043758597/8fPPIz7S_normal.jpg', 'profile_banner_url': 'https://pbs.twimg.com/profile_banners/754006735468261376/1530075729', 'profile_link_color': '1DA1F2', 'profile_sidebar_border_color': 'C0DEED', 'profile_sidebar_fill_color': 'DDEEF6', 'profile_text_color': '333333', 'profile_use_background_image': True, 'has_extended_profile': True, 'default_profile': True, 'default_profile_image': False, 'following': False, 'follow_request_sent': False, 'notifications': False, 'translator_type': 'none'}, 'geo': None, 'coordinates': None, 'place': None, 'contributors': None, 'is_quote_status': False, 'retweet_count': 26582, 'favorite_count': 111420, 'favorited': False, 'retweeted': False, 'lang': 'en'}","<a href=""http://twitter.com/download/iphone"" rel=""nofollow"">Twitter for iPhone</a>","RT @LilNasX: nobody: 

nigga who smokes weed on snapchat all day: i know they praying on my downfall",False,"{'id': 2986249580, 'id_str': '2986249580', 'name': 'maarigarcia', 'screen_name': 'MARIIKD', 'location': '', 'description': '', 'url': None, 'entities': {'description': {'urls': []}}, 'protected': False, 'followers_count': 314, 'friends_count': 333, 'listed_count': 1, 'created_at': 'Sat Jan 17 00:07:52 +0000 2015', 'favourites_count': 26437, 'utc_offset': None, 'time_zone': None, 'geo_enabled': True, 'verified': False, 'statuses_count': 11812, 'lang': 'en', 'contributors_enabled': False, 'is_translator': False, 'is_translation_enabled': False, 'profile_background_color': '000000', 'profile_background_image_url': 'http://abs.twimg.com/images/themes/theme1/bg.png', 'profile_background_image_url_https': 'https://abs.twimg.com/images/themes/theme1/bg.png', 'profile_background_tile': False, 'profile_image_url': 'http://pbs.twimg.com/profile_images/1051906525474652160/VlM3R8Bq_normal.jpg', 'profile_image_url_https': 'https://pbs.twimg.com/profile_images/1051906525474652160/VlM3R8Bq_normal.jpg', 'profile_banner_url': 'https://pbs.twimg.com/profile_banners/2986249580/1496726298', 'profile_link_color': 'DD2E44', 'profile_sidebar_border_color': '000000', 'profile_sidebar_fill_color': '000000', 'profile_text_color': '000000', 'profile_use_background_image': False, 'has_extended_profile': True, 'default_profile': False, 'default_profile_image': False, 'following': False, 'follow_request_sent': False, 'notifications': False, 'translator_type': 'none'}"
4,,,Sun Nov 04 21:54:18 +0000 2018,"{'hashtags': [], 'symbols': [], 'user_mentions': [{'screen_name': 'notthesamealy', 'name': 'ü¶Éüçó T·ïº·ó©·ëéK·ñ¥·ëå·í™ ·ó©·í™Yüçóü¶É', 'id': 801244507, 'id_str': '801244507', 'indices': [3, 17]}], 'urls': []}",,0,False,,1059202200818331650,1059202200818331650,,,,,,True,en,"{'iso_language_code': 'en', 'result_type': 'recent'}",,,1.058826169825538e+18,1058826169825538048,1622,False,"{'created_at': 'Sun Nov 04 02:41:56 +0000 2018', 'id': 1058912199530430464, 'id_str': '1058912199530430464', 'text': 'i‚Äôm pro marijuana. but you are stupid as hell if you think this is funny or if you are one of those people that blo‚Ä¶ https://t.co/UxLEToWgWZ', 'truncated': True, 'entities': {'hashtags': [], 'symbols': [], 'user_mentions': [], 'urls': [{'url': 'https://t.co/UxLEToWgWZ', 'expanded_url': 'https://twitter.com/i/web/status/1058912199530430464', 'display_url': 'twitter.com/i/web/status/1‚Ä¶', 'indices': [117, 140]}]}, 'metadata': {'iso_language_code': 'en', 'result_type': 'recent'}, 'source': '<a href=""http://twitter.com/download/iphone"" rel=""nofollow"">Twitter for iPhone</a>', 'in_reply_to_status_id': None, 'in_reply_to_status_id_str': None, 'in_reply_to_user_id': None, 'in_reply_to_user_id_str': None, 'in_reply_to_screen_name': None, 'user': {'id': 801244507, 'id_str': '801244507', 'name': 'ü¶Éüçó T·ïº·ó©·ëéK·ñ¥·ëå·í™ ·ó©·í™Yüçóü¶É', 'screen_name': 'notthesamealy', 'location': 'Texas, USA', 'description': '//  ùïóùïñùïñùïùùïöùïüùïò ùï•ùïôùïíùïüùïúùïóùï¶ùïù // @josephissssüíï // @odddarcy ‚ù§Ô∏è //', 'url': None, 'entities': {'description': {'urls': []}}, 'protected': False, 'followers_count': 405, 'friends_count': 409, 'listed_count': 1, 'created_at': 'Mon Sep 03 21:20:39 +0000 2012', 'favourites_count': 35989, 'utc_offset': None, 'time_zone': None, 'geo_enabled': True, 'verified': False, 'statuses_count': 4256, 'lang': 'en', 'contributors_enabled': False, 'is_translator': False, 'is_translation_enabled': False, 'profile_background_color': '000000', 'profile_background_image_url': 'http://abs.twimg.com/images/themes/theme1/bg.png', 'profile_background_image_url_https': 'https://abs.twimg.com/images/themes/theme1/bg.png', 'profile_background_tile': True, 'profile_image_url': 'http://pbs.twimg.com/profile_images/1056927716166037505/c8hCrI_B_normal.jpg', 'profile_image_url_https': 'https://pbs.twimg.com/profile_images/1056927716166037505/c8hCrI_B_normal.jpg', 'profile_banner_url': 'https://pbs.twimg.com/profile_banners/801244507/1540826180', 'profile_link_color': '0084B4', 'profile_sidebar_border_color': 'FFFFFF', 'profile_sidebar_fill_color': 'DDEEF6', 'profile_text_color': '333333', 'profile_use_background_image': True, 'has_extended_profile': True, 'default_profile': False, 'default_profile_image': False, 'following': False, 'follow_request_sent': False, 'notifications': False, 'translator_type': 'none'}, 'geo': None, 'coordinates': None, 'place': None, 'contributors': None, 'is_quote_status': True, 'quoted_status_id': 1058826169825538048, 'quoted_status_id_str': '1058826169825538048', 'quoted_status': {'created_at': 'Sat Nov 03 21:00:05 +0000 2018', 'id': 1058826169825538048, 'id_str': '1058826169825538048', 'text': 'This is fucking gross poor baby instead of rushing him to the fucking hospital :( https://t.co/KILnCREtxP', 'truncated': False, 'entities': {'hashtags': [], 'symbols': [], 'user_mentions': [], 'urls': [{'url': 'https://t.co/KILnCREtxP', 'expanded_url': 'https://twitter.com/kd97_/status/1058542938098188289', 'display_url': 'twitter.com/kd97_/status/1‚Ä¶', 'indices': [82, 105]}]}, 'metadata': {'iso_language_code': 'en', 'result_type': 'recent'}, 'source': '<a href=""http://twitter.com/download/iphone"" rel=""nofollow"">Twitter for iPhone</a>', 'in_reply_to_status_id': None, 'in_reply_to_status_id_str': None, 'in_reply_to_user_id': None, 'in_reply_to_user_id_str': None, 'in_reply_to_screen_name': None, 'user': {'id': 2195381390, 'id_str': '2195381390', 'name': 'ùô¢ùôñùôßùôûùôñ', 'screen_name': 'cakefacedcutie', 'location': 'ig: cakefacedcutie', 'description': 'u know the addy. Pull up anytime. Say it to my face. But if I were you- I wouldn‚Äôt.', 'url': 'https://t.co/BLG2Q05AzH', 'entities': {'url': {'urls': [{'url': 'https://t.co/BLG2Q05AzH', 'expanded_url': 'https://youtu.be/G9CV_EOtya4', 'display_url': 'youtu.be/G9CV_EOtya4', 'indices': [0, 23]}]}, 'description': {'urls': []}}, 'protected': False, 'followers_count': 75228, 'friends_count': 76, 'listed_count': 1188, 'created_at': 'Fri Nov 15 04:54:33 +0000 2013', 'favourites_count': 75132, 'utc_offset': None, 'time_zone': None, 'geo_enabled': True, 'verified': False, 'statuses_count': 15481, 'lang': 'en', 'contributors_enabled': False, 'is_translator': False, 'is_translation_enabled': False, 'profile_background_color': '420808', 'profile_background_image_url': 'http://abs.twimg.com/images/themes/theme1/bg.png', 'profile_background_image_url_https': 'https://abs.twimg.com/images/themes/theme1/bg.png', 'profile_background_tile': True, 'profile_image_url': 'http://pbs.twimg.com/profile_images/1057204524539101185/XMJu_n3h_normal.jpg', 'profile_image_url_https': 'https://pbs.twimg.com/profile_images/1057204524539101185/XMJu_n3h_normal.jpg', 'profile_banner_url': 'https://pbs.twimg.com/profile_banners/2195381390/1540921672', 'profile_link_color': 'F5ABB5', 'profile_sidebar_border_color': 'FFFFFF', 'profile_sidebar_fill_color': 'DDEEF6', 'profile_text_color': '333333', 'profile_use_background_image': True, 'has_extended_profile': False, 'default_profile': False, 'default_profile_image': False, 'following': False, 'follow_request_sent': False, 'notifications': False, 'translator_type': 'none'}, 'geo': None, 'coordinates': None, 'place': None, 'contributors': None, 'is_quote_status': True, 'quoted_status_id': 1058542938098188289, 'quoted_status_id_str': '1058542938098188289', 'retweet_count': 4165, 'favorite_count': 15099, 'favorited': False, 'retweeted': False, 'possibly_sensitive': False, 'lang': 'en'}, 'retweet_count': 1622, 'favorite_count': 4875, 'favorited': False, 'retweeted': False, 'possibly_sensitive': False, 'lang': 'en'}","<a href=""http://twitter.com/download/iphone"" rel=""nofollow"">Twitter for iPhone</a>",RT @notthesamealy: i‚Äôm pro marijuana. but you are stupid as hell if you think this is funny or if you are one of those people that blow mar‚Ä¶,False,"{'id': 2208061339, 'id_str': '2208061339', 'name': 'liz ‚ìã', 'screen_name': 'veglizx', 'location': '19 / Earth', 'description': 'üíóüíõüíô|üßòüèª\u200d‚ôÄÔ∏èüçÉ', 'url': 'https://t.co/ak81WbtT5S', 'entities': {'url': {'urls': [{'url': 'https://t.co/ak81WbtT5S', 'expanded_url': 'http://earthlings.com', 'display_url': 'earthlings.com', 'indices': [0, 23]}]}, 'description': {'urls': []}}, 'protected': False, 'followers_count': 597, 'friends_count': 510, 'listed_count': 4, 'created_at': 'Fri Nov 22 00:42:09 +0000 2013', 'favourites_count': 36084, 'utc_offset': None, 'time_zone': None, 'geo_enabled': True, 'verified': False, 'statuses_count': 11194, 'lang': 'en', 'contributors_enabled': False, 'is_translator': False, 'is_translation_enabled': False, 'profile_background_color': 'C0DEED', 'profile_background_image_url': 'http://abs.twimg.com/images/themes/theme1/bg.png', 'profile_background_image_url_https': 'https://abs.twimg.com/images/themes/theme1/bg.png', 'profile_background_tile': False, 'profile_image_url': 'http://pbs.twimg.com/profile_images/1029579119091220480/HIcCcn7W_normal.jpg', 'profile_image_url_https': 'https://pbs.twimg.com/profile_images/1029579119091220480/HIcCcn7W_normal.jpg', 'profile_banner_url': 'https://pbs.twimg.com/profile_banners/2208061339/1530145269', 'profile_link_color': '1DA1F2', 'profile_sidebar_border_color': 'C0DEED', 'profile_sidebar_fill_color': 'DDEEF6', 'profile_text_color': '333333', 'profile_use_background_image': True, 'has_extended_profile': False, 'default_profile': True, 'default_profile_image': False, 'following': False, 'follow_request_sent': False, 'notifications': False, 'translator_type': 'none'}"
5,,,Sun Nov 04 21:54:17 +0000 2018,"{'hashtags': [], 'symbols': [], 'user_mentions': [{'screen_name': 'LilNasX', 'name': 'nope', 'id': 754006735468261376, 'id_str': '754006735468261376', 'indices': [3, 11]}], 'urls': []}",,0,False,,1059202198435852288,1059202198435852288,,,,,,False,en,"{'iso_language_code': 'en', 'result_type': 'recent'}",,,,,26582,False,"{'created_at': 'Sun Nov 04 07:47:38 +0000 2018', 'id': 1058989131454406656, 'id_str': '1058989131454406656', 'text': 'nobody: \n\nnigga who smokes weed on snapchat all day: i know they praying on my downfall', 'truncated': False, 'entities': {'hashtags': [], 'symbols': [], 'user_mentions': [], 'urls': []}, 'metadata': {'iso_language_code': 'en', 'result_type': 'recent'}, 'source': '<a href=""http://twitter.com/download/iphone"" rel=""nofollow"">Twitter for iPhone</a>', 'in_reply_to_status_id': None, 'in_reply_to_status_id_str': None, 'in_reply_to_user_id': None, 'in_reply_to_user_id_str': None, 'in_reply_to_screen_name': None, 'user': {'id': 754006735468261376, 'id_str': '754006735468261376', 'name': 'nope', 'screen_name': 'LilNasX', 'location': 'atl', 'description': 'nasarati out now. booking & features: lilnasx2@gmail.com https://t.co/3ZUo4lQLXP click the link below to peep my music', 'url': 'https://t.co/br8lEMY0wP', 'entities': {'url': {'urls': [{'url': 'https://t.co/br8lEMY0wP', 'expanded_url': 'http://lilnasx.com', 'display_url': 'lilnasx.com', 'indices': [0, 23]}]}, 'description': {'urls': [{'url': 'https://t.co/3ZUo4lQLXP', 'expanded_url': 'http://Instagram.com/lilnasx', 'display_url': 'Instagram.com/lilnasx', 'indices': [57, 80]}]}}, 'protected': False, 'followers_count': 30970, 'friends_count': 485, 'listed_count': 657, 'created_at': 'Fri Jul 15 17:36:29 +0000 2016', 'favourites_count': 20861, 'utc_offset': None, 'time_zone': None, 'geo_enabled': True, 'verified': False, 'statuses_count': 2126, 'lang': 'en', 'contributors_enabled': False, 'is_translator': False, 'is_translation_enabled': False, 'profile_background_color': 'F5F8FA', 'profile_background_image_url': None, 'profile_background_image_url_https': None, 'profile_background_tile': False, 'profile_image_url': 'http://pbs.twimg.com/profile_images/1011848182043758597/8fPPIz7S_normal.jpg', 'profile_image_url_https': 'https://pbs.twimg.com/profile_images/1011848182043758597/8fPPIz7S_normal.jpg', 'profile_banner_url': 'https://pbs.twimg.com/profile_banners/754006735468261376/1530075729', 'profile_link_color': '1DA1F2', 'profile_sidebar_border_color': 'C0DEED', 'profile_sidebar_fill_color': 'DDEEF6', 'profile_text_color': '333333', 'profile_use_background_image': True, 'has_extended_profile': True, 'default_profile': True, 'default_profile_image': False, 'following': False, 'follow_request_sent': False, 'notifications': False, 'translator_type': 'none'}, 'geo': None, 'coordinates': None, 'place': None, 'contributors': None, 'is_quote_status': False, 'retweet_count': 26582, 'favorite_count': 111420, 'favorited': False, 'retweeted': False, 'lang': 'en'}","<a href=""http://twitter.com/download/iphone"" rel=""nofollow"">Twitter for iPhone</a>","RT @LilNasX: nobody: 

nigga who smokes weed on snapchat all day: i know they praying on my downfall",False,"{'id': 148445005, 'id_str': '148445005', 'name': 'Jazmine', 'screen_name': 'JazzyKinnss', 'location': 'So Caaaaaal ', 'description': 'Janice is my pretty mellow cello. APU ‚ù§Ô∏èüå±', 'url': None, 'entities': {'description': {'urls': []}}, 'protected': False, 'followers_count': 333, 'friends_count': 242, 'listed_count': 5, 'created_at': 'Wed May 26 18:27:24 +0000 2010', 'favourites_count': 21733, 'utc_offset': None, 'time_zone': None, 'geo_enabled': True, 'verified': False, 'statuses_count': 23543, 'lang': 'en', 'contributors_enabled': False, 'is_translator': False, 'is_translation_enabled': False, 'profile_background_color': '69D2E7', 'profile_background_image_url': 'http://abs.twimg.com/images/themes/theme1/bg.png', 'profile_background_image_url_https': 'https://abs.twimg.com/images/themes/theme1/bg.png', 'profile_background_tile': True, 'profile_image_url': 'http://pbs.twimg.com/profile_images/1057703174557986817/1VkQvHSB_normal.jpg', 'profile_image_url_https': 'https://pbs.twimg.com/profile_images/1057703174557986817/1VkQvHSB_normal.jpg', 'profile_banner_url': 'https://pbs.twimg.com/profile_banners/148445005/1532843128', 'profile_link_color': '4A913C', 'profile_sidebar_border_color': 'FFFFFF', 'profile_sidebar_fill_color': 'A7DBD8', 'profile_text_color': 'E0E4CC', 'profile_use_background_image': True, 'has_extended_profile': True, 'default_profile': False, 'default_profile_image': False, 'following': False, 'follow_request_sent': False, 'notifications': False, 'translator_type': 'none'}"
6,,,Sun Nov 04 21:54:17 +0000 2018,"{'hashtags': [], 'symbols': [], 'user_mentions': [], 'urls': [{'url': 'https://t.co/EYaXAJwUP3', 'expanded_url': 'https://twitter.com/i/web/status/1059202197374689280', 'display_url': 'twitter.com/i/web/status/1‚Ä¶', 'indices': [116, 139]}]}",,0,False,,1059202197374689280,1059202197374689280,,,,,,False,en,"{'iso_language_code': 'en', 'result_type': 'recent'}",,,,,0,False,,"<a href=""http://twitter.com/download/iphone"" rel=""nofollow"">Twitter for iPhone</a>",Lmaoo my grandma found out I smoke weed today and she said I do illegal drugs /: like she ain‚Äôt addicted to 8 diff‚Ä¶ https://t.co/EYaXAJwUP3,True,"{'id': 962176045, 'id_str': '962176045', 'name': 'GrooveC', 'screen_name': 'GrxxveC', 'location': 'THA 562', 'description': 'DIE FOR MY ART SO WHAT? *******+DSO8T3+*******', 'url': 'https://t.co/RMzAjHSdet', 'entities': {'url': {'urls': [{'url': 'https://t.co/RMzAjHSdet', 'expanded_url': 'https://soundcloud.com/groove-c', 'display_url': 'soundcloud.com/groove-c', 'indices': [0, 23]}]}, 'description': {'urls': []}}, 'protected': False, 'followers_count': 733, 'friends_count': 621, 'listed_count': 1, 'created_at': 'Wed Nov 21 10:40:28 +0000 2012', 'favourites_count': 7139, 'utc_offset': None, 'time_zone': None, 'geo_enabled': False, 'verified': False, 'statuses_count': 17794, 'lang': 'en', 'contributors_enabled': False, 'is_translator': False, 'is_translation_enabled': True, 'profile_background_color': 'C0DEED', 'profile_background_image_url': 'http://abs.twimg.com/images/themes/theme1/bg.png', 'profile_background_image_url_https': 'https://abs.twimg.com/images/themes/theme1/bg.png', 'profile_background_tile': False, 'profile_image_url': 'http://pbs.twimg.com/profile_images/987205581059506176/lOys9tGv_normal.jpg', 'profile_image_url_https': 'https://pbs.twimg.com/profile_images/987205581059506176/lOys9tGv_normal.jpg', 'profile_banner_url': 'https://pbs.twimg.com/profile_banners/962176045/1524203127', 'profile_link_color': '1DA1F2', 'profile_sidebar_border_color': 'C0DEED', 'profile_sidebar_fill_color': 'DDEEF6', 'profile_text_color': '333333', 'profile_use_background_image': True, 'has_extended_profile': True, 'default_profile': True, 'default_profile_image': False, 'following': False, 'follow_request_sent': False, 'notifications': False, 'translator_type': 'none'}"
7,,,Sun Nov 04 21:54:16 +0000 2018,"{'hashtags': [], 'symbols': [], 'user_mentions': [{'screen_name': 'Reyani_Amariae', 'name': 'Reyaniüñ§', 'id': 3577870213, 'id_str': '3577870213', 'indices': [3, 18]}], 'urls': [], 'media': [{'id': 1056244079699390465, 'id_str': '1056244079699390465', 'indices': [98, 121], 'media_url': 'http://pbs.twimg.com/ext_tw_video_thumb/1056244079699390465/pu/img/W93Si45RoXunybJ6.jpg', 'media_url_https': 'https://pbs.twimg.com/ext_tw_video_thumb/1056244079699390465/pu/img/W93Si45RoXunybJ6.jpg', 'url': 'https://t.co/GIpm0N4dHY', 'display_url': 'pic.twitter.com/GIpm0N4dHY', 'expanded_url': 'https://twitter.com/Reyani_Amariae/status/1056244961459486720/video/1', 'type': 'photo', 'sizes': {'thumb': {'w': 150, 'h': 150, 'resize': 'crop'}, 'small': {'w': 383, 'h': 680, 'resize': 'fit'}, 'large': {'w': 720, 'h': 1280, 'resize': 'fit'}, 'medium': {'w': 675, 'h': 1200, 'resize': 'fit'}}, 'source_status_id': 1056244961459486720, 'source_status_id_str': '1056244961459486720', 'source_user_id': 3577870213, 'source_user_id_str': '3577870213'}]}","{'media': [{'id': 1056244079699390465, 'id_str': '1056244079699390465', 'indices': [98, 121], 'media_url': 'http://pbs.twimg.com/ext_tw_video_thumb/1056244079699390465/pu/img/W93Si45RoXunybJ6.jpg', 'media_url_https': 'https://pbs.twimg.com/ext_tw_video_thumb/1056244079699390465/pu/img/W93Si45RoXunybJ6.jpg', 'url': 'https://t.co/GIpm0N4dHY', 'display_url': 'pic.twitter.com/GIpm0N4dHY', 'expanded_url': 'https://twitter.com/Reyani_Amariae/status/1056244961459486720/video/1', 'type': 'video', 'sizes': {'thumb': {'w': 150, 'h': 150, 'resize': 'crop'}, 'small': {'w': 383, 'h': 680, 'resize': 'fit'}, 'large': {'w': 720, 'h': 1280, 'resize': 'fit'}, 'medium': {'w': 675, 'h': 1200, 'resize': 'fit'}}, 'source_status_id': 1056244961459486720, 'source_status_id_str': '1056244961459486720', 'source_user_id': 3577870213, 'source_user_id_str': '3577870213', 'video_info': {'aspect_ratio': [9, 16], 'duration_millis': 60075, 'variants': [{'bitrate': 2176000, 'content_type': 'video/mp4', 'url': 'https://video.twimg.com/ext_tw_video/1056244079699390465/pu/vid/720x1280/ycARzWPfNWcs_WBf.mp4?tag=5'}, {'content_type': 'application/x-mpegURL', 'url': 'https://video.twimg.com/ext_tw_video/1056244079699390465/pu/pl/sD3IUuvvaGwoHtCL.m3u8?tag=5'}, {'bitrate': 256000, 'content_type': 'video/mp4', 'url': 'https://video.twimg.com/ext_tw_video/1056244079699390465/pu/vid/180x320/IzrEKqV2u4e2BaN2.mp4?tag=5'}, {'bitrate': 832000, 'content_type': 'video/mp4', 'url': 'https://video.twimg.com/ext_tw_video/1056244079699390465/pu/vid/360x640/Jmtqcgm1L256i0uw.mp4?tag=5'}]}, 'additional_media_info': {'monetizable': False, 'source_user': {'id': 3577870213, 'id_str': '3577870213', 'name': 'Reyaniüñ§', 'screen_name': 'Reyani_Amariae', 'location': '', 'description': 'South Sac üòàI‚Äôm HER in real lifeüòò', 'url': None, 'entities': {'description': {'urls': []}}, 'protected': False, 'followers_count': 1601, 'friends_count': 480, 'listed_count': 10, 'created_at': 'Wed Sep 16 02:14:48 +0000 2015', 'favourites_count': 3573, 'utc_offset': None, 'time_zone': None, 'geo_enabled': True, 'verified': False, 'statuses_count': 3510, 'lang': 'en', 'contributors_enabled': False, 'is_translator': False, 'is_translation_enabled': False, 'profile_background_color': '000000', 'profile_background_image_url': 'http://abs.twimg.com/images/themes/theme1/bg.png', 'profile_background_image_url_https': 'https://abs.twimg.com/images/themes/theme1/bg.png', 'profile_background_tile': False, 'profile_image_url': 'http://pbs.twimg.com/profile_images/991116430912483329/1FsaS9HR_normal.jpg', 'profile_image_url_https': 'https://pbs.twimg.com/profile_images/991116430912483329/1FsaS9HR_normal.jpg', 'profile_banner_url': 'https://pbs.twimg.com/profile_banners/3577870213/1540481607', 'profile_link_color': '981CEB', 'profile_sidebar_border_color': '000000', 'profile_sidebar_fill_color': '000000', 'profile_text_color': '000000', 'profile_use_background_image': False, 'has_extended_profile': True, 'default_profile': False, 'default_profile_image': False, 'following': False, 'follow_request_sent': False, 'notifications': False, 'translator_type': 'none'}}}]}",0,False,,1059202194539393024,1059202194539393024,,,,,,False,en,"{'iso_language_code': 'en', 'result_type': 'recent'}",,False,,,3789,False,"{'created_at': 'Sat Oct 27 18:03:17 +0000 2018', 'id': 1056244961459486720, 'id_str': '1056244961459486720', 'text': 'Backwoods, weed, and Hennessy... He a certified nigga on national tv and allü§£ https://t.co/GIpm0N4dHY', 'truncated': False, 'entities': {'hashtags': [], 'symbols': [], 'user_mentions': [], 'urls': [], 'media': [{'id': 1056244079699390465, 'id_str': '1056244079699390465', 'indices': [78, 101], 'media_url': 'http://pbs.twimg.com/ext_tw_video_thumb/1056244079699390465/pu/img/W93Si45RoXunybJ6.jpg', 'media_url_https': 'https://pbs.twimg.com/ext_tw_video_thumb/1056244079699390465/pu/img/W93Si45RoXunybJ6.jpg', 'url': 'https://t.co/GIpm0N4dHY', 'display_url': 'pic.twitter.com/GIpm0N4dHY', 'expanded_url': 'https://twitter.com/Reyani_Amariae/status/1056244961459486720/video/1', 'type': 'photo', 'sizes': {'thumb': {'w': 150, 'h': 150, 'resize': 'crop'}, 'small': {'w': 383, 'h': 680, 'resize': 'fit'}, 'large': {'w': 720, 'h': 1280, 'resize': 'fit'}, 'medium': {'w': 675, 'h': 1200, 'resize': 'fit'}}}]}, 'extended_entities': {'media': [{'id': 1056244079699390465, 'id_str': '1056244079699390465', 'indices': [78, 101], 'media_url': 'http://pbs.twimg.com/ext_tw_video_thumb/1056244079699390465/pu/img/W93Si45RoXunybJ6.jpg', 'media_url_https': 'https://pbs.twimg.com/ext_tw_video_thumb/1056244079699390465/pu/img/W93Si45RoXunybJ6.jpg', 'url': 'https://t.co/GIpm0N4dHY', 'display_url': 'pic.twitter.com/GIpm0N4dHY', 'expanded_url': 'https://twitter.com/Reyani_Amariae/status/1056244961459486720/video/1', 'type': 'video', 'sizes': {'thumb': {'w': 150, 'h': 150, 'resize': 'crop'}, 'small': {'w': 383, 'h': 680, 'resize': 'fit'}, 'large': {'w': 720, 'h': 1280, 'resize': 'fit'}, 'medium': {'w': 675, 'h': 1200, 'resize': 'fit'}}, 'video_info': {'aspect_ratio': [9, 16], 'duration_millis': 60075, 'variants': [{'bitrate': 2176000, 'content_type': 'video/mp4', 'url': 'https://video.twimg.com/ext_tw_video/1056244079699390465/pu/vid/720x1280/ycARzWPfNWcs_WBf.mp4?tag=5'}, {'content_type': 'application/x-mpegURL', 'url': 'https://video.twimg.com/ext_tw_video/1056244079699390465/pu/pl/sD3IUuvvaGwoHtCL.m3u8?tag=5'}, {'bitrate': 256000, 'content_type': 'video/mp4', 'url': 'https://video.twimg.com/ext_tw_video/1056244079699390465/pu/vid/180x320/IzrEKqV2u4e2BaN2.mp4?tag=5'}, {'bitrate': 832000, 'content_type': 'video/mp4', 'url': 'https://video.twimg.com/ext_tw_video/1056244079699390465/pu/vid/360x640/Jmtqcgm1L256i0uw.mp4?tag=5'}]}, 'additional_media_info': {'monetizable': False}}]}, 'metadata': {'iso_language_code': 'en', 'result_type': 'recent'}, 'source': '<a href=""http://twitter.com/download/iphone"" rel=""nofollow"">Twitter for iPhone</a>', 'in_reply_to_status_id': None, 'in_reply_to_status_id_str': None, 'in_reply_to_user_id': None, 'in_reply_to_user_id_str': None, 'in_reply_to_screen_name': None, 'user': {'id': 3577870213, 'id_str': '3577870213', 'name': 'Reyaniüñ§', 'screen_name': 'Reyani_Amariae', 'location': '', 'description': 'South Sac üòàI‚Äôm HER in real lifeüòò', 'url': None, 'entities': {'description': {'urls': []}}, 'protected': False, 'followers_count': 1601, 'friends_count': 480, 'listed_count': 10, 'created_at': 'Wed Sep 16 02:14:48 +0000 2015', 'favourites_count': 3573, 'utc_offset': None, 'time_zone': None, 'geo_enabled': True, 'verified': False, 'statuses_count': 3510, 'lang': 'en', 'contributors_enabled': False, 'is_translator': False, 'is_translation_enabled': False, 'profile_background_color': '000000', 'profile_background_image_url': 'http://abs.twimg.com/images/themes/theme1/bg.png', 'profile_background_image_url_https': 'https://abs.twimg.com/images/themes/theme1/bg.png', 'profile_background_tile': False, 'profile_image_url': 'http://pbs.twimg.com/profile_images/991116430912483329/1FsaS9HR_normal.jpg', 'profile_image_url_https': 'https://pbs.twimg.com/profile_images/991116430912483329/1FsaS9HR_normal.jpg', 'profile_banner_url': 'https://pbs.twimg.com/profile_banners/3577870213/1540481607', 'profile_link_color': '981CEB', 'profile_sidebar_border_color': '000000', 'profile_sidebar_fill_color': '000000', 'profile_text_color': '000000', 'profile_use_background_image': False, 'has_extended_profile': True, 'default_profile': False, 'default_profile_image': False, 'following': False, 'follow_request_sent': False, 'notifications': False, 'translator_type': 'none'}, 'geo': None, 'coordinates': None, 'place': None, 'contributors': None, 'is_quote_status': False, 'retweet_count': 3789, 'favorite_count': 7396, 'favorited': False, 'retweeted': False, 'possibly_sensitive': False, 'lang': 'en'}","<a href=""http://twitter.com/download/iphone"" rel=""nofollow"">Twitter for iPhone</a>","RT @Reyani_Amariae: Backwoods, weed, and Hennessy... He a certified nigga on national tv and allü§£ https://t.co/GIpm0N4dHY",False,"{'id': 2784793842, 'id_str': '2784793842', 'name': 'Btowwnüáµüá∑ü•ä', 'screen_name': 'BryceTorruella', 'location': '', 'description': 'NVBA Never be Average üáµüá∑ LAP ü§ô', 'url': None, 'entities': {'description': {'urls': []}}, 'protected': False, 'followers_count': 861, 'friends_count': 858, 'listed_count': 3, 'created_at': 'Mon Sep 01 22:56:29 +0000 2014', 'favourites_count': 10242, 'utc_offset': None, 'time_zone': None, 'geo_enabled': True, 'verified': False, 'statuses_count': 12530, 'lang': 'en', 'contributors_enabled': False, 'is_translator': False, 'is_translation_enabled': False, 'profile_background_color': 'C0DEED', 'profile_background_image_url': 'http://abs.twimg.com/images/themes/theme1/bg.png', 'profile_background_image_url_https': 'https://abs.twimg.com/images/themes/theme1/bg.png', 'profile_background_tile': False, 'profile_image_url': 'http://pbs.twimg.com/profile_images/1041567584204668928/pDgX5d1M_normal.jpg', 'profile_image_url_https': 'https://pbs.twimg.com/profile_images/1041567584204668928/pDgX5d1M_normal.jpg', 'profile_banner_url': 'https://pbs.twimg.com/profile_banners/2784793842/1507458152', 'profile_link_color': '1DA1F2', 'profile_sidebar_border_color': 'C0DEED', 'profile_sidebar_fill_color': 'DDEEF6', 'profile_text_color': '333333', 'profile_use_background_image': True, 'has_extended_profile': True, 'default_profile': True, 'default_profile_image': False, 'following': False, 'follow_request_sent': False, 'notifications': False, 'translator_type': 'none'}"
8,,,Sun Nov 04 21:54:16 +0000 2018,"{'hashtags': [], 'symbols': [], 'user_mentions': [{'screen_name': 'LilNasX', 'name': 'nope', 'id': 754006735468261376, 'id_str': '754006735468261376', 'indices': [3, 11]}], 'urls': []}",,0,False,,1059202193813839873,1059202193813839873,,,,,,False,en,"{'iso_language_code': 'en', 'result_type': 'recent'}",,,,,26582,False,"{'created_at': 'Sun Nov 04 07:47:38 +0000 2018', 'id': 1058989131454406656, 'id_str': '1058989131454406656', 'text': 'nobody: \n\nnigga who smokes weed on snapchat all day: i know they praying on my downfall', 'truncated': False, 'entities': {'hashtags': [], 'symbols': [], 'user_mentions': [], 'urls': []}, 'metadata': {'iso_language_code': 'en', 'result_type': 'recent'}, 'source': '<a href=""http://twitter.com/download/iphone"" rel=""nofollow"">Twitter for iPhone</a>', 'in_reply_to_status_id': None, 'in_reply_to_status_id_str': None, 'in_reply_to_user_id': None, 'in_reply_to_user_id_str': None, 'in_reply_to_screen_name': None, 'user': {'id': 754006735468261376, 'id_str': '754006735468261376', 'name': 'nope', 'screen_name': 'LilNasX', 'location': 'atl', 'description': 'nasarati out now. booking & features: lilnasx2@gmail.com https://t.co/3ZUo4lQLXP click the link below to peep my music', 'url': 'https://t.co/br8lEMY0wP', 'entities': {'url': {'urls': [{'url': 'https://t.co/br8lEMY0wP', 'expanded_url': 'http://lilnasx.com', 'display_url': 'lilnasx.com', 'indices': [0, 23]}]}, 'description': {'urls': [{'url': 'https://t.co/3ZUo4lQLXP', 'expanded_url': 'http://Instagram.com/lilnasx', 'display_url': 'Instagram.com/lilnasx', 'indices': [57, 80]}]}}, 'protected': False, 'followers_count': 30970, 'friends_count': 485, 'listed_count': 657, 'created_at': 'Fri Jul 15 17:36:29 +0000 2016', 'favourites_count': 20861, 'utc_offset': None, 'time_zone': None, 'geo_enabled': True, 'verified': False, 'statuses_count': 2126, 'lang': 'en', 'contributors_enabled': False, 'is_translator': False, 'is_translation_enabled': False, 'profile_background_color': 'F5F8FA', 'profile_background_image_url': None, 'profile_background_image_url_https': None, 'profile_background_tile': False, 'profile_image_url': 'http://pbs.twimg.com/profile_images/1011848182043758597/8fPPIz7S_normal.jpg', 'profile_image_url_https': 'https://pbs.twimg.com/profile_images/1011848182043758597/8fPPIz7S_normal.jpg', 'profile_banner_url': 'https://pbs.twimg.com/profile_banners/754006735468261376/1530075729', 'profile_link_color': '1DA1F2', 'profile_sidebar_border_color': 'C0DEED', 'profile_sidebar_fill_color': 'DDEEF6', 'profile_text_color': '333333', 'profile_use_background_image': True, 'has_extended_profile': True, 'default_profile': True, 'default_profile_image': False, 'following': False, 'follow_request_sent': False, 'notifications': False, 'translator_type': 'none'}, 'geo': None, 'coordinates': None, 'place': None, 'contributors': None, 'is_quote_status': False, 'retweet_count': 26582, 'favorite_count': 111420, 'favorited': False, 'retweeted': False, 'lang': 'en'}","<a href=""http://twitter.com"" rel=""nofollow"">Twitter Web Client</a>","RT @LilNasX: nobody: 

nigga who smokes weed on snapchat all day: i know they praying on my downfall",False,"{'id': 938815475517095936, 'id_str': '938815475517095936', 'name': 'JaKara.', 'screen_name': 'DonatellasWig', 'location': '', 'description': '18. Pisces. I love boys and art.ü•∞', 'url': 'https://t.co/d6QajorCi6', 'entities': {'url': {'urls': [{'url': 'https://t.co/d6QajorCi6', 'expanded_url': 'http://deprived-gay.tumblr.com', 'display_url': 'deprived-gay.tumblr.com', 'indices': [0, 23]}]}, 'description': {'urls': []}}, 'protected': False, 'followers_count': 61, 'friends_count': 367, 'listed_count': 0, 'created_at': 'Thu Dec 07 17:00:26 +0000 2017', 'favourites_count': 13592, 'utc_offset': None, 'time_zone': None, 'geo_enabled': False, 'verified': False, 'statuses_count': 2560, 'lang': 'en', 'contributors_enabled': False, 'is_translator': False, 'is_translation_enabled': False, 'profile_background_color': '000000', 'profile_background_image_url': 'http://abs.twimg.com/images/themes/theme1/bg.png', 'profile_background_image_url_https': 'https://abs.twimg.com/images/themes/theme1/bg.png', 'profile_background_tile': False, 'profile_image_url': 'http://pbs.twimg.com/profile_images/1037569222488944640/c-UoBF16_normal.jpg', 'profile_image_url_https': 'https://pbs.twimg.com/profile_images/1037569222488944640/c-UoBF16_normal.jpg', 'profile_banner_url': 'https://pbs.twimg.com/profile_banners/938815475517095936/1536210887', 'profile_link_color': '91D2FA', 'profile_sidebar_border_color': '000000', 'profile_sidebar_fill_color': '000000', 'profile_text_color': '000000', 'profile_use_background_image': False, 'has_extended_profile': True, 'default_profile': False, 'default_profile_image': False, 'following': False, 'follow_request_sent': False, 'notifications': False, 'translator_type': 'none'}"
9,,,Sun Nov 04 21:54:15 +0000 2018,"{'hashtags': [], 'symbols': [], 'user_mentions': [{'screen_name': 'LilNasX', 'name': 'nope', 'id': 754006735468261376, 'id_str': '754006735468261376', 'indices': [3, 11]}], 'urls': []}",,0,False,,1059202189170749440,1059202189170749440,,,,,,False,en,"{'iso_language_code': 'en', 'result_type': 'recent'}",,,,,26582,False,"{'created_at': 'Sun Nov 04 07:47:38 +0000 2018', 'id': 1058989131454406656, 'id_str': '1058989131454406656', 'text': 'nobody: \n\nnigga who smokes weed on snapchat all day: i know they praying on my downfall', 'truncated': False, 'entities': {'hashtags': [], 'symbols': [], 'user_mentions': [], 'urls': []}, 'metadata': {'iso_language_code': 'en', 'result_type': 'recent'}, 'source': '<a href=""http://twitter.com/download/iphone"" rel=""nofollow"">Twitter for iPhone</a>', 'in_reply_to_status_id': None, 'in_reply_to_status_id_str': None, 'in_reply_to_user_id': None, 'in_reply_to_user_id_str': None, 'in_reply_to_screen_name': None, 'user': {'id': 754006735468261376, 'id_str': '754006735468261376', 'name': 'nope', 'screen_name': 'LilNasX', 'location': 'atl', 'description': 'nasarati out now. booking & features: lilnasx2@gmail.com https://t.co/3ZUo4lQLXP click the link below to peep my music', 'url': 'https://t.co/br8lEMY0wP', 'entities': {'url': {'urls': [{'url': 'https://t.co/br8lEMY0wP', 'expanded_url': 'http://lilnasx.com', 'display_url': 'lilnasx.com', 'indices': [0, 23]}]}, 'description': {'urls': [{'url': 'https://t.co/3ZUo4lQLXP', 'expanded_url': 'http://Instagram.com/lilnasx', 'display_url': 'Instagram.com/lilnasx', 'indices': [57, 80]}]}}, 'protected': False, 'followers_count': 30970, 'friends_count': 485, 'listed_count': 657, 'created_at': 'Fri Jul 15 17:36:29 +0000 2016', 'favourites_count': 20861, 'utc_offset': None, 'time_zone': None, 'geo_enabled': True, 'verified': False, 'statuses_count': 2126, 'lang': 'en', 'contributors_enabled': False, 'is_translator': False, 'is_translation_enabled': False, 'profile_background_color': 'F5F8FA', 'profile_background_image_url': None, 'profile_background_image_url_https': None, 'profile_background_tile': False, 'profile_image_url': 'http://pbs.twimg.com/profile_images/1011848182043758597/8fPPIz7S_normal.jpg', 'profile_image_url_https': 'https://pbs.twimg.com/profile_images/1011848182043758597/8fPPIz7S_normal.jpg', 'profile_banner_url': 'https://pbs.twimg.com/profile_banners/754006735468261376/1530075729', 'profile_link_color': '1DA1F2', 'profile_sidebar_border_color': 'C0DEED', 'profile_sidebar_fill_color': 'DDEEF6', 'profile_text_color': '333333', 'profile_use_background_image': True, 'has_extended_profile': True, 'default_profile': True, 'default_profile_image': False, 'following': False, 'follow_request_sent': False, 'notifications': False, 'translator_type': 'none'}, 'geo': None, 'coordinates': None, 'place': None, 'contributors': None, 'is_quote_status': False, 'retweet_count': 26582, 'favorite_count': 111420, 'favorited': False, 'retweeted': False, 'lang': 'en'}","<a href=""http://twitter.com/download/iphone"" rel=""nofollow"">Twitter for iPhone</a>","RT @LilNasX: nobody: 

nigga who smokes weed on snapchat all day: i know they praying on my downfall",False,"{'id': 2579446880, 'id_str': '2579446880', 'name': 'oliviuh', 'screen_name': 'oliviastorey__', 'location': 'uww', 'description': 'a walking clickhole article', 'url': 'https://t.co/mDTrjZpgXK', 'entities': {'url': {'urls': [{'url': 'https://t.co/mDTrjZpgXK', 'expanded_url': 'http://www.trumphotels.org', 'display_url': 'trumphotels.org', 'indices': [0, 23]}]}, 'description': {'urls': []}}, 'protected': False, 'followers_count': 271, 'friends_count': 166, 'listed_count': 2, 'created_at': 'Fri Jun 20 23:55:44 +0000 2014', 'favourites_count': 23452, 'utc_offset': None, 'time_zone': None, 'geo_enabled': False, 'verified': False, 'statuses_count': 24887, 'lang': 'en', 'contributors_enabled': False, 'is_translator': False, 'is_translation_enabled': False, 'profile_background_color': 'C0DEED', 'profile_background_image_url': 'http://abs.twimg.com/images/themes/theme1/bg.png', 'profile_background_image_url_https': 'https://abs.twimg.com/images/themes/theme1/bg.png', 'profile_background_tile': False, 'profile_image_url': 'http://pbs.twimg.com/profile_images/1049359913481371649/m7J8RSqB_normal.jpg', 'profile_image_url_https': 'https://pbs.twimg.com/profile_images/1049359913481371649/m7J8RSqB_normal.jpg', 'profile_banner_url': 'https://pbs.twimg.com/profile_banners/2579446880/1539021875', 'profile_link_color': '1DA1F2', 'profile_sidebar_border_color': 'C0DEED', 'profile_sidebar_fill_color': 'DDEEF6', 'profile_text_color': '333333', 'profile_use_background_image': True, 'has_extended_profile': True, 'default_profile': True, 'default_profile_image': False, 'following': False, 'follow_request_sent': False, 'notifications': False, 'translator_type': 'none'}"
10,,,Sun Nov 04 21:54:15 +0000 2018,"{'hashtags': [], 'symbols': [], 'user_mentions': [{'screen_name': 'LilNasX', 'name': 'nope', 'id': 754006735468261376, 'id_str': '754006735468261376', 'indices': [3, 11]}], 'urls': []}",,0,False,,1059202188608593920,1059202188608593920,,,,,,False,en,"{'iso_language_code': 'en', 'result_type': 'recent'}",,,,,26582,False,"{'created_at': 'Sun Nov 04 07:47:38 +0000 2018', 'id': 1058989131454406656, 'id_str': '1058989131454406656', 'text': 'nobody: \n\nnigga who smokes weed on snapchat all day: i know they praying on my downfall', 'truncated': False, 'entities': {'hashtags': [], 'symbols': [], 'user_mentions': [], 'urls': []}, 'metadata': {'iso_language_code': 'en', 'result_type': 'recent'}, 'source': '<a href=""http://twitter.com/download/iphone"" rel=""nofollow"">Twitter for iPhone</a>', 'in_reply_to_status_id': None, 'in_reply_to_status_id_str': None, 'in_reply_to_user_id': None, 'in_reply_to_user_id_str': None, 'in_reply_to_screen_name': None, 'user': {'id': 754006735468261376, 'id_str': '754006735468261376', 'name': 'nope', 'screen_name': 'LilNasX', 'location': 'atl', 'description': 'nasarati out now. booking & features: lilnasx2@gmail.com https://t.co/3ZUo4lQLXP click the link below to peep my music', 'url': 'https://t.co/br8lEMY0wP', 'entities': {'url': {'urls': [{'url': 'https://t.co/br8lEMY0wP', 'expanded_url': 'http://lilnasx.com', 'display_url': 'lilnasx.com', 'indices': [0, 23]}]}, 'description': {'urls': [{'url': 'https://t.co/3ZUo4lQLXP', 'expanded_url': 'http://Instagram.com/lilnasx', 'display_url': 'Instagram.com/lilnasx', 'indices': [57, 80]}]}}, 'protected': False, 'followers_count': 30970, 'friends_count': 485, 'listed_count': 657, 'created_at': 'Fri Jul 15 17:36:29 +0000 2016', 'favourites_count': 20861, 'utc_offset': None, 'time_zone': None, 'geo_enabled': True, 'verified': False, 'statuses_count': 2126, 'lang': 'en', 'contributors_enabled': False, 'is_translator': False, 'is_translation_enabled': False, 'profile_background_color': 'F5F8FA', 'profile_background_image_url': None, 'profile_background_image_url_https': None, 'profile_background_tile': False, 'profile_image_url': 'http://pbs.twimg.com/profile_images/1011848182043758597/8fPPIz7S_normal.jpg', 'profile_image_url_https': 'https://pbs.twimg.com/profile_images/1011848182043758597/8fPPIz7S_normal.jpg', 'profile_banner_url': 'https://pbs.twimg.com/profile_banners/754006735468261376/1530075729', 'profile_link_color': '1DA1F2', 'profile_sidebar_border_color': 'C0DEED', 'profile_sidebar_fill_color': 'DDEEF6', 'profile_text_color': '333333', 'profile_use_background_image': True, 'has_extended_profile': True, 'default_profile': True, 'default_profile_image': False, 'following': False, 'follow_request_sent': False, 'notifications': False, 'translator_type': 'none'}, 'geo': None, 'coordinates': None, 'place': None, 'contributors': None, 'is_quote_status': False, 'retweet_count': 26582, 'favorite_count': 111420, 'favorited': False, 'retweeted': False, 'lang': 'en'}","<a href=""http://twitter.com/download/iphone"" rel=""nofollow"">Twitter for iPhone</a>","RT @LilNasX: nobody: 

nigga who smokes weed on snapchat all day: i know they praying on my downfall",False,"{'id': 1566687715, 'id_str': '1566687715', 'name': 'oghoney', 'screen_name': 'besparza53', 'location': '', 'description': 'I like my men how I like my chocolate', 'url': None, 'entities': {'description': {'urls': []}}, 'protected': False, 'followers_count': 389, 'friends_count': 354, 'listed_count': 0, 'created_at': 'Wed Jul 03 20:52:25 +0000 2013', 'favourites_count': 14840, 'utc_offset': None, 'time_zone': None, 'geo_enabled': True, 'verified': False, 'statuses_count': 9366, 'lang': 'en', 'contributors_enabled': False, 'is_translator': False, 'is_translation_enabled': False, 'profile_background_color': 'ACDED6', 'profile_background_image_url': 'http://abs.twimg.com/images/themes/theme1/bg.png', 'profile_background_image_url_https': 'https://abs.twimg.com/images/themes/theme1/bg.png', 'profile_background_tile': False, 'profile_image_url': 'http://pbs.twimg.com/profile_images/1048687142078054400/lq3TYNjJ_normal.jpg', 'profile_image_url_https': 'https://pbs.twimg.com/profile_images/1048687142078054400/lq3TYNjJ_normal.jpg', 'profile_banner_url': 'https://pbs.twimg.com/profile_banners/1566687715/1534456528', 'profile_link_color': 'F58EA8', 'profile_sidebar_border_color': 'FFFFFF', 'profile_sidebar_fill_color': 'DDEEF6', 'profile_text_color': '333333', 'profile_use_background_image': True, 'has_extended_profile': True, 'default_profile': False, 'default_profile_image': False, 'following': False, 'follow_request_sent': False, 'notifications': False, 'translator_type': 'none'}"
11,,,Sun Nov 04 21:54:15 +0000 2018,"{'hashtags': [], 'symbols': [], 'user_mentions': [{'screen_name': 'therealredman', 'name': 'Redman', 'id': 39204454, 'id_str': '39204454', 'indices': [3, 17]}], 'urls': []}",,0,False,,1059202187602128897,1059202187602128897,,,,,,False,en,"{'iso_language_code': 'en', 'result_type': 'recent'}",,,,,443,False,"{'created_at': 'Thu Nov 01 05:44:56 +0000 2018', 'id': 1057871087529119744, 'id_str': '1057871087529119744', 'text': 'If you see a bag of weed on the floor, WTF you gonna do?', 'truncated': False, 'entities': {'hashtags': [], 'symbols': [], 'user_mentions': [], 'urls': []}, 'metadata': {'iso_language_code': 'en', 'result_type': 'recent'}, 'source': '<a href=""http://twitter.com/download/iphone"" rel=""nofollow"">Twitter for iPhone</a>', 'in_reply_to_status_id': None, 'in_reply_to_status_id_str': None, 'in_reply_to_user_id': None, 'in_reply_to_user_id_str': None, 'in_reply_to_screen_name': None, 'user': {'id': 39204454, 'id_str': '39204454', 'name': 'Redman', 'screen_name': 'therealredman', 'location': '( IG ) Redmangilla', 'description': 'TEAR IT UP ! On ALL Music Platforms !!!', 'url': 'https://t.co/MzEcsyMt0K', 'entities': {'url': {'urls': [{'url': 'https://t.co/MzEcsyMt0K', 'expanded_url': 'http://smarturl.it/tearitup', 'display_url': 'smarturl.it/tearitup', 'indices': [0, 23]}]}, 'description': {'urls': []}}, 'protected': False, 'followers_count': 650952, 'friends_count': 478, 'listed_count': 2812, 'created_at': 'Mon May 11 06:15:34 +0000 2009', 'favourites_count': 3554, 'utc_offset': None, 'time_zone': None, 'geo_enabled': True, 'verified': True, 'statuses_count': 6727, 'lang': 'en', 'contributors_enabled': False, 'is_translator': False, 'is_translation_enabled': False, 'profile_background_color': '4A913C', 'profile_background_image_url': 'http://abs.twimg.com/images/themes/theme1/bg.png', 'profile_background_image_url_https': 'https://abs.twimg.com/images/themes/theme1/bg.png', 'profile_background_tile': True, 'profile_image_url': 'http://pbs.twimg.com/profile_images/1035390955011026946/-VTnbCes_normal.jpg', 'profile_image_url_https': 'https://pbs.twimg.com/profile_images/1035390955011026946/-VTnbCes_normal.jpg', 'profile_banner_url': 'https://pbs.twimg.com/profile_banners/39204454/1532501633', 'profile_link_color': '0F0000', 'profile_sidebar_border_color': '000000', 'profile_sidebar_fill_color': 'FFFFFF', 'profile_text_color': 'FF0000', 'profile_use_background_image': True, 'has_extended_profile': False, 'default_profile': False, 'default_profile_image': False, 'following': False, 'follow_request_sent': False, 'notifications': False, 'translator_type': 'none'}, 'geo': None, 'coordinates': None, 'place': None, 'contributors': None, 'is_quote_status': False, 'retweet_count': 443, 'favorite_count': 2998, 'favorited': False, 'retweeted': False, 'lang': 'en'}","<a href=""http://twitter.com/download/iphone"" rel=""nofollow"">Twitter for iPhone</a>","RT @therealredman: If you see a bag of weed on the floor, WTF you gonna do?",False,"{'id': 291455497, 'id_str': '291455497', 'name': 'gavin l. burr sr.', 'screen_name': 'GB_Baracus', 'location': '54601 & 46404', 'description': '', 'url': None, 'entities': {'description': {'urls': []}}, 'protected': False, 'followers_count': 42, 'friends_count': 230, 'listed_count': 1, 'created_at': 'Mon May 02 01:50:42 +0000 2011', 'favourites_count': 118, 'utc_offset': None, 'time_zone': None, 'geo_enabled': True, 'verified': False, 'statuses_count': 214, 'lang': 'en', 'contributors_enabled': False, 'is_translator': False, 'is_translation_enabled': False, 'profile_background_color': 'C0DEED', 'profile_background_image_url': 'http://abs.twimg.com/images/themes/theme1/bg.png', 'profile_background_image_url_https': 'https://abs.twimg.com/images/themes/theme1/bg.png', 'profile_background_tile': False, 'profile_image_url': 'http://pbs.twimg.com/profile_images/517410752919900160/-EOc9A2n_normal.jpeg', 'profile_image_url_https': 'https://pbs.twimg.com/profile_images/517410752919900160/-EOc9A2n_normal.jpeg', 'profile_banner_url': 'https://pbs.twimg.com/profile_banners/291455497/1363325743', 'profile_link_color': '1DA1F2', 'profile_sidebar_border_color': 'C0DEED', 'profile_sidebar_fill_color': 'DDEEF6', 'profile_text_color': '333333', 'profile_use_background_image': True, 'has_extended_profile': False, 'default_profile': True, 'default_profile_image': False, 'following': False, 'follow_request_sent': False, 'notifications': False, 'translator_type': 'none'}"
12,,,Sun Nov 04 21:54:14 +0000 2018,"{'hashtags': [], 'symbols': [], 'user_mentions': [{'screen_name': 'Caliphatememes', 'name': ""The Caliphate's Meme Archive."", 'id': 982969769388400641, 'id_str': '982969769388400641', 'indices': [3, 18]}, {'screen_name': 'SnoopDogg', 'name': 'Snoop Dogg', 'id': 3004231, 'id_str': '3004231', 'indices': [33, 43]}], 'urls': []}",,0,False,,1059202183915282432,1059202183915282432,,,,,,False,en,"{'iso_language_code': 'en', 'result_type': 'recent'}",,,,,9,False,"{'created_at': 'Sun Nov 04 20:08:18 +0000 2018', 'id': 1059175523564302336, 'id_str': '1059175523564302336', 'text': 'Apparently,  @SnoopDogg has converted to Islam and has created his own manhaj called  ""The Manhaj Of The West Coast‚Ä¶ https://t.co/rCfIrn5D3E', 'truncated': True, 'entities': {'hashtags': [], 'symbols': [], 'user_mentions': [{'screen_name': 'SnoopDogg', 'name': 'Snoop Dogg', 'id': 3004231, 'id_str': '3004231', 'indices': [13, 23]}], 'urls': [{'url': 'https://t.co/rCfIrn5D3E', 'expanded_url': 'https://twitter.com/i/web/status/1059175523564302336', 'display_url': 'twitter.com/i/web/status/1‚Ä¶', 'indices': [117, 140]}]}, 'metadata': {'iso_language_code': 'en', 'result_type': 'recent'}, 'source': '<a href=""http://twitter.com"" rel=""nofollow"">Twitter Web Client</a>', 'in_reply_to_status_id': None, 'in_reply_to_status_id_str': None, 'in_reply_to_user_id': None, 'in_reply_to_user_id_str': None, 'in_reply_to_screen_name': None, 'user': {'id': 982969769388400641, 'id_str': '982969769388400641', 'name': ""The Caliphate's Meme Archive."", 'screen_name': 'Caliphatememes', 'location': 'Al-Andalus2.0, Andromeda Galaxy.', 'description': ""The Official page for The Caliphate's Meme Archive. Zuckerberg has no power. Unlimted islamist memes from here."", 'url': 'https://t.co/Ghauh9MDJt', 'entities': {'url': {'urls': [{'url': 'https://t.co/Ghauh9MDJt', 'expanded_url': 'https://www.facebook.com/caliphatememes/', 'display_url': 'facebook.com/caliphatememes/', 'indices': [0, 23]}]}, 'description': {'urls': []}}, 'protected': False, 'followers_count': 1487, 'friends_count': 2, 'listed_count': 15, 'created_at': 'Sun Apr 08 13:13:50 +0000 2018', 'favourites_count': 35, 'utc_offset': None, 'time_zone': None, 'geo_enabled': False, 'verified': False, 'statuses_count': 192, 'lang': 'da', 'contributors_enabled': False, 'is_translator': False, 'is_translation_enabled': False, 'profile_background_color': '000000', 'profile_background_image_url': 'http://abs.twimg.com/images/themes/theme1/bg.png', 'profile_background_image_url_https': 'https://abs.twimg.com/images/themes/theme1/bg.png', 'profile_background_tile': False, 'profile_image_url': 'http://pbs.twimg.com/profile_images/1001465853660090368/6SU_1Dwb_normal.jpg', 'profile_image_url_https': 'https://pbs.twimg.com/profile_images/1001465853660090368/6SU_1Dwb_normal.jpg', 'profile_banner_url': 'https://pbs.twimg.com/profile_banners/982969769388400641/1523193614', 'profile_link_color': 'ABB8C2', 'profile_sidebar_border_color': '000000', 'profile_sidebar_fill_color': '000000', 'profile_text_color': '000000', 'profile_use_background_image': False, 'has_extended_profile': False, 'default_profile': False, 'default_profile_image': False, 'following': False, 'follow_request_sent': False, 'notifications': False, 'translator_type': 'none'}, 'geo': None, 'coordinates': None, 'place': None, 'contributors': None, 'is_quote_status': False, 'retweet_count': 9, 'favorite_count': 26, 'favorited': False, 'retweeted': False, 'possibly_sensitive': False, 'lang': 'en'}","<a href=""http://twitter.com/download/android"" rel=""nofollow"">Twitter for Android</a>","RT @Caliphatememes: Apparently,  @SnoopDogg has converted to Islam and has created his own manhaj called  ""The Manhaj Of The West Coast"" an‚Ä¶",False,"{'id': 826826622414290945, 'id_str': '826826622414290945', 'name': 'BenMazinoüëäüçñ', 'screen_name': 'BenTurnner', 'location': 'Marseille, France', 'description': 'Je suis moi .\nüòèüïãüá∞üá≤üá∫üá∏üá´üá∑', 'url': None, 'entities': {'description': {'urls': []}}, 'protected': False, 'followers_count': 178, 'friends_count': 1040, 'listed_count': 0, 'created_at': 'Wed Feb 01 16:16:43 +0000 2017', 'favourites_count': 19783, 'utc_offset': None, 'time_zone': None, 'geo_enabled': False, 'verified': False, 'statuses_count': 4358, 'lang': 'fr', 'contributors_enabled': False, 'is_translator': False, 'is_translation_enabled': False, 'profile_background_color': '000000', 'profile_background_image_url': 'http://abs.twimg.com/images/themes/theme1/bg.png', 'profile_background_image_url_https': 'https://abs.twimg.com/images/themes/theme1/bg.png', 'profile_background_tile': False, 'profile_image_url': 'http://pbs.twimg.com/profile_images/1043785485586501637/vrAK0cQj_normal.jpg', 'profile_image_url_https': 'https://pbs.twimg.com/profile_images/1043785485586501637/vrAK0cQj_normal.jpg', 'profile_banner_url': 'https://pbs.twimg.com/profile_banners/826826622414290945/1541169332', 'profile_link_color': 'ABB8C2', 'profile_sidebar_border_color': '000000', 'profile_sidebar_fill_color': '000000', 'profile_text_color': '000000', 'profile_use_background_image': False, 'has_extended_profile': True, 'default_profile': False, 'default_profile_image': False, 'following': False, 'follow_request_sent': False, 'notifications': False, 'translator_type': 'none'}"
13,,,Sun Nov 04 21:54:14 +0000 2018,"{'hashtags': [], 'symbols': [], 'user_mentions': [{'screen_name': 'LilNasX', 'name': 'nope', 'id': 754006735468261376, 'id_str': '754006735468261376', 'indices': [3, 11]}], 'urls': []}",,0,False,,1059202182971617280,1059202182971617280,,,,,,False,en,"{'iso_language_code': 'en', 'result_type': 'recent'}",,,,,26582,False,"{'created_at': 'Sun Nov 04 07:47:38 +0000 2018', 'id': 1058989131454406656, 'id_str': '1058989131454406656', 'text': 'nobody: \n\nnigga who smokes weed on snapchat all day: i know they praying on my downfall', 'truncated': False, 'entities': {'hashtags': [], 'symbols': [], 'user_mentions': [], 'urls': []}, 'metadata': {'iso_language_code': 'en', 'result_type': 'recent'}, 'source': '<a href=""http://twitter.com/download/iphone"" rel=""nofollow"">Twitter for iPhone</a>', 'in_reply_to_status_id': None, 'in_reply_to_status_id_str': None, 'in_reply_to_user_id': None, 'in_reply_to_user_id_str': None, 'in_reply_to_screen_name': None, 'user': {'id': 754006735468261376, 'id_str': '754006735468261376', 'name': 'nope', 'screen_name': 'LilNasX', 'location': 'atl', 'description': 'nasarati out now. booking & features: lilnasx2@gmail.com https://t.co/3ZUo4lQLXP click the link below to peep my music', 'url': 'https://t.co/br8lEMY0wP', 'entities': {'url': {'urls': [{'url': 'https://t.co/br8lEMY0wP', 'expanded_url': 'http://lilnasx.com', 'display_url': 'lilnasx.com', 'indices': [0, 23]}]}, 'description': {'urls': [{'url': 'https://t.co/3ZUo4lQLXP', 'expanded_url': 'http://Instagram.com/lilnasx', 'display_url': 'Instagram.com/lilnasx', 'indices': [57, 80]}]}}, 'protected': False, 'followers_count': 30970, 'friends_count': 485, 'listed_count': 657, 'created_at': 'Fri Jul 15 17:36:29 +0000 2016', 'favourites_count': 20861, 'utc_offset': None, 'time_zone': None, 'geo_enabled': True, 'verified': False, 'statuses_count': 2126, 'lang': 'en', 'contributors_enabled': False, 'is_translator': False, 'is_translation_enabled': False, 'profile_background_color': 'F5F8FA', 'profile_background_image_url': None, 'profile_background_image_url_https': None, 'profile_background_tile': False, 'profile_image_url': 'http://pbs.twimg.com/profile_images/1011848182043758597/8fPPIz7S_normal.jpg', 'profile_image_url_https': 'https://pbs.twimg.com/profile_images/1011848182043758597/8fPPIz7S_normal.jpg', 'profile_banner_url': 'https://pbs.twimg.com/profile_banners/754006735468261376/1530075729', 'profile_link_color': '1DA1F2', 'profile_sidebar_border_color': 'C0DEED', 'profile_sidebar_fill_color': 'DDEEF6', 'profile_text_color': '333333', 'profile_use_background_image': True, 'has_extended_profile': True, 'default_profile': True, 'default_profile_image': False, 'following': False, 'follow_request_sent': False, 'notifications': False, 'translator_type': 'none'}, 'geo': None, 'coordinates': None, 'place': None, 'contributors': None, 'is_quote_status': False, 'retweet_count': 26582, 'favorite_count': 111420, 'favorited': False, 'retweeted': False, 'lang': 'en'}","<a href=""http://twitter.com/download/iphone"" rel=""nofollow"">Twitter for iPhone</a>","RT @LilNasX: nobody: 

nigga who smokes weed on snapchat all day: i know they praying on my downfall",False,"{'id': 4339981033, 'id_str': '4339981033', 'name': 'KüÖ∞Ô∏è„ÄΩÔ∏è', 'screen_name': 'KAMRONROBINSON6', 'location': 'Angleton, TX', 'description': 'choose wisely‚ÄºÔ∏è', 'url': None, 'entities': {'description': {'urls': []}}, 'protected': False, 'followers_count': 222, 'friends_count': 221, 'listed_count': 0, 'created_at': 'Tue Nov 24 01:45:36 +0000 2015', 'favourites_count': 7618, 'utc_offset': None, 'time_zone': None, 'geo_enabled': True, 'verified': False, 'statuses_count': 614, 'lang': 'en', 'contributors_enabled': False, 'is_translator': False, 'is_translation_enabled': False, 'profile_background_color': 'C0DEED', 'profile_background_image_url': 'http://abs.twimg.com/images/themes/theme1/bg.png', 'profile_background_image_url_https': 'https://abs.twimg.com/images/themes/theme1/bg.png', 'profile_background_tile': False, 'profile_image_url': 'http://pbs.twimg.com/profile_images/1041291966137417728/g3B26I5G_normal.jpg', 'profile_image_url_https': 'https://pbs.twimg.com/profile_images/1041291966137417728/g3B26I5G_normal.jpg', 'profile_banner_url': 'https://pbs.twimg.com/profile_banners/4339981033/1523755772', 'profile_link_color': '1DA1F2', 'profile_sidebar_border_color': 'C0DEED', 'profile_sidebar_fill_color': 'DDEEF6', 'profile_text_color': '333333', 'profile_use_background_image': True, 'has_extended_profile': False, 'default_profile': True, 'default_profile_image': False, 'following': False, 'follow_request_sent': False, 'notifications': False, 'translator_type': 'none'}"
14,,,Sun Nov 04 21:54:13 +0000 2018,"{'hashtags': [], 'symbols': [], 'user_mentions': [{'screen_name': 'dreampopmom', 'name': 'marissa ü•Ä', 'id': 343239437, 'id_str': '343239437', 'indices': [3, 15]}], 'urls': []}",,0,False,,1059202181549776896,1059202181549776896,,,,,,False,en,"{'iso_language_code': 'en', 'result_type': 'recent'}",,,,,5,False,"{'created_at': 'Sun Nov 04 20:18:02 +0000 2018', 'id': 1059177976103952384, 'id_str': '1059177976103952384', 'text': 'I can‚Äôt believe I let myself get fucked over by a skater boy that only smokes weed all the time and doesn‚Äôt have a car what was I thinking', 'truncated': False, 'entities': {'hashtags': [], 'symbols': [], 'user_mentions': [], 'urls': []}, 'metadata': {'iso_language_code': 'en', 'result_type': 'recent'}, 'source': '<a href=""http://twitter.com/download/iphone"" rel=""nofollow"">Twitter for iPhone</a>', 'in_reply_to_status_id': None, 'in_reply_to_status_id_str': None, 'in_reply_to_user_id': None, 'in_reply_to_user_id_str': None, 'in_reply_to_screen_name': None, 'user': {'id': 343239437, 'id_str': '343239437', 'name': 'marissa ü•Ä', 'screen_name': 'dreampopmom', 'location': 'NE', 'description': '', 'url': None, 'entities': {'description': {'urls': []}}, 'protected': False, 'followers_count': 1588, 'friends_count': 697, 'listed_count': 14, 'created_at': 'Wed Jul 27 07:59:18 +0000 2011', 'favourites_count': 14042, 'utc_offset': None, 'time_zone': None, 'geo_enabled': True, 'verified': False, 'statuses_count': 3417, 'lang': 'en', 'contributors_enabled': False, 'is_translator': False, 'is_translation_enabled': False, 'profile_background_color': 'FFFFFF', 'profile_background_image_url': 'http://abs.twimg.com/images/themes/theme1/bg.png', 'profile_background_image_url_https': 'https://abs.twimg.com/images/themes/theme1/bg.png', 'profile_background_tile': False, 'profile_image_url': 'http://pbs.twimg.com/profile_images/1054241505286733824/RFbX7VmK_normal.jpg', 'profile_image_url_https': 'https://pbs.twimg.com/profile_images/1054241505286733824/RFbX7VmK_normal.jpg', 'profile_banner_url': 'https://pbs.twimg.com/profile_banners/343239437/1540853571', 'profile_link_color': 'F58EA8', 'profile_sidebar_border_color': 'FFFFFF', 'profile_sidebar_fill_color': 'FFFFFF', 'profile_text_color': '423D42', 'profile_use_background_image': True, 'has_extended_profile': True, 'default_profile': False, 'default_profile_image': False, 'following': False, 'follow_request_sent': False, 'notifications': False, 'translator_type': 'none'}, 'geo': None, 'coordinates': None, 'place': None, 'contributors': None, 'is_quote_status': False, 'retweet_count': 5, 'favorite_count': 29, 'favorited': False, 'retweeted': False, 'lang': 'en'}","<a href=""http://twitter.com/download/iphone"" rel=""nofollow"">Twitter for iPhone</a>",RT @dreampopmom: I can‚Äôt believe I let myself get fucked over by a skater boy that only smokes weed all the time and doesn‚Äôt have a car wha‚Ä¶,False,"{'id': 1049118054, 'id_str': '1049118054', 'name': 'ü¶Ñ narcissistic ü¶Ñ', 'screen_name': 'MelanieMallette', 'location': 'Montr√©al, Qu√©bec', 'description': '‚ù§Dominic 12.11.17‚ù§\nVegan for the animals', 'url': 'https://t.co/7n1ecAFSlR', 'entities': {'url': {'urls': [{'url': 'https://t.co/7n1ecAFSlR', 'expanded_url': 'https://youtu.be/Hf4sb2N5rkg', 'display_url': 'youtu.be/Hf4sb2N5rkg', 'indices': [0, 23]}]}, 'description': {'urls': []}}, 'protected': False, 'followers_count': 1029, 'friends_count': 1212, 'listed_count': 8, 'created_at': 'Mon Dec 31 00:28:41 +0000 2012', 'favourites_count': 39609, 'utc_offset': None, 'time_zone': None, 'geo_enabled': True, 'verified': False, 'statuses_count': 32055, 'lang': 'en', 'contributors_enabled': False, 'is_translator': False, 'is_translation_enabled': False, 'profile_background_color': 'F18DD1', 'profile_background_image_url': 'http://abs.twimg.com/images/themes/theme10/bg.gif', 'profile_background_image_url_https': 'https://abs.twimg.com/images/themes/theme10/bg.gif', 'profile_background_tile': True, 'profile_image_url': 'http://pbs.twimg.com/profile_images/1021223732025745409/9yuM2i71_normal.jpg', 'profile_image_url_https': 'https://pbs.twimg.com/profile_images/1021223732025745409/9yuM2i71_normal.jpg', 'profile_banner_url': 'https://pbs.twimg.com/profile_banners/1049118054/1502192292', 'profile_link_color': '741756', 'profile_sidebar_border_color': 'FFFFFF', 'profile_sidebar_fill_color': 'CCCCCC', 'profile_text_color': 'CC4189', 'profile_use_background_image': True, 'has_extended_profile': True, 'default_profile': False, 'default_profile_image': False, 'following': False, 'follow_request_sent': False, 'notifications': False, 'translator_type': 'none'}"
15,,,Sun Nov 04 21:54:13 +0000 2018,"{'hashtags': [], 'symbols': [], 'user_mentions': [{'screen_name': 'LilNasX', 'name': 'nope', 'id': 754006735468261376, 'id_str': '754006735468261376', 'indices': [3, 11]}], 'urls': []}",,0,False,,1059202180572504064,1059202180572504064,,,,,,False,en,"{'iso_language_code': 'en', 'result_type': 'recent'}",,,,,26573,False,"{'created_at': 'Sun Nov 04 07:47:38 +0000 2018', 'id': 1058989131454406656, 'id_str': '1058989131454406656', 'text': 'nobody: \n\nnigga who smokes weed on snapchat all day: i know they praying on my downfall', 'truncated': False, 'entities': {'hashtags': [], 'symbols': [], 'user_mentions': [], 'urls': []}, 'metadata': {'iso_language_code': 'en', 'result_type': 'recent'}, 'source': '<a href=""http://twitter.com/download/iphone"" rel=""nofollow"">Twitter for iPhone</a>', 'in_reply_to_status_id': None, 'in_reply_to_status_id_str': None, 'in_reply_to_user_id': None, 'in_reply_to_user_id_str': None, 'in_reply_to_screen_name': None, 'user': {'id': 754006735468261376, 'id_str': '754006735468261376', 'name': 'nope', 'screen_name': 'LilNasX', 'location': 'atl', 'description': 'nasarati out now. booking & features: lilnasx2@gmail.com https://t.co/3ZUo4lQLXP click the link below to peep my music', 'url': 'https://t.co/br8lEMY0wP', 'entities': {'url': {'urls': [{'url': 'https://t.co/br8lEMY0wP', 'expanded_url': 'http://lilnasx.com', 'display_url': 'lilnasx.com', 'indices': [0, 23]}]}, 'description': {'urls': [{'url': 'https://t.co/3ZUo4lQLXP', 'expanded_url': 'http://Instagram.com/lilnasx', 'display_url': 'Instagram.com/lilnasx', 'indices': [57, 80]}]}}, 'protected': False, 'followers_count': 30970, 'friends_count': 485, 'listed_count': 657, 'created_at': 'Fri Jul 15 17:36:29 +0000 2016', 'favourites_count': 20861, 'utc_offset': None, 'time_zone': None, 'geo_enabled': True, 'verified': False, 'statuses_count': 2126, 'lang': 'en', 'contributors_enabled': False, 'is_translator': False, 'is_translation_enabled': False, 'profile_background_color': 'F5F8FA', 'profile_background_image_url': None, 'profile_background_image_url_https': None, 'profile_background_tile': False, 'profile_image_url': 'http://pbs.twimg.com/profile_images/1011848182043758597/8fPPIz7S_normal.jpg', 'profile_image_url_https': 'https://pbs.twimg.com/profile_images/1011848182043758597/8fPPIz7S_normal.jpg', 'profile_banner_url': 'https://pbs.twimg.com/profile_banners/754006735468261376/1530075729', 'profile_link_color': '1DA1F2', 'profile_sidebar_border_color': 'C0DEED', 'profile_sidebar_fill_color': 'DDEEF6', 'profile_text_color': '333333', 'profile_use_background_image': True, 'has_extended_profile': True, 'default_profile': True, 'default_profile_image': False, 'following': False, 'follow_request_sent': False, 'notifications': False, 'translator_type': 'none'}, 'geo': None, 'coordinates': None, 'place': None, 'contributors': None, 'is_quote_status': False, 'retweet_count': 26573, 'favorite_count': 111381, 'favorited': False, 'retweeted': False, 'lang': 'en'}","<a href=""http://twitter.com/download/iphone"" rel=""nofollow"">Twitter for iPhone</a>","RT @LilNasX: nobody: 

nigga who smokes weed on snapchat all day: i know they praying on my downfall",False,"{'id': 3405348999, 'id_str': '3405348999', 'name': 'henz benz ‚ô°', 'screen_name': 'HensleySammons', 'location': 'hville', 'description': '', 'url': None, 'entities': {'description': {'urls': []}}, 'protected': False, 'followers_count': 523, 'friends_count': 322, 'listed_count': 0, 'created_at': 'Thu Aug 06 09:20:07 +0000 2015', 'favourites_count': 14850, 'utc_offset': None, 'time_zone': None, 'geo_enabled': True, 'verified': False, 'statuses_count': 12581, 'lang': 'en', 'contributors_enabled': False, 'is_translator': False, 'is_translation_enabled': False, 'profile_background_color': 'C0DEED', 'profile_background_image_url': 'http://abs.twimg.com/images/themes/theme1/bg.png', 'profile_background_image_url_https': 'https://abs.twimg.com/images/themes/theme1/bg.png', 'profile_background_tile': False, 'profile_image_url': 'http://pbs.twimg.com/profile_images/1038619111612407811/wOwcBbg2_normal.jpg', 'profile_image_url_https': 'https://pbs.twimg.com/profile_images/1038619111612407811/wOwcBbg2_normal.jpg', 'profile_banner_url': 'https://pbs.twimg.com/profile_banners/3405348999/1540224393', 'profile_link_color': '1DA1F2', 'profile_sidebar_border_color': 'C0DEED', 'profile_sidebar_fill_color': 'DDEEF6', 'profile_text_color': '333333', 'profile_use_background_image': True, 'has_extended_profile': True, 'default_profile': True, 'default_profile_image': False, 'following': False, 'follow_request_sent': False, 'notifications': False, 'translator_type': 'none'}"
16,,,Sun Nov 04 21:54:13 +0000 2018,"{'hashtags': [], 'symbols': [], 'user_mentions': [{'screen_name': 'ednabnana', 'name': 'Yumi Lego', 'id': 65741498, 'id_str': '65741498', 'indices': [0, 10]}], 'urls': [{'url': 'https://t.co/J5VMcflRkq', 'expanded_url': 'https://twitter.com/i/web/status/1059202179737612288', 'display_url': 'twitter.com/i/web/status/1‚Ä¶', 'indices': [116, 139]}]}",,0,False,,1059202179737612288,1059202179737612288,ednabnana,1.0591875460668908e+18,1059187546066890752,65741498.0,65741498,False,en,"{'iso_language_code': 'en', 'result_type': 'recent'}",,,,,0,False,,"<a href=""http://twitter.com/download/iphone"" rel=""nofollow"">Twitter for iPhone</a>","@ednabnana I agree with that. Plus mandatory gun safety course. When I took my boys hunting, this was required. It‚Ä¶ https://t.co/J5VMcflRkq",True,"{'id': 271533436, 'id_str': '271533436', 'name': 'TimCo', 'screen_name': 'tanemgates', 'location': 'PNW', 'description': '#investing,, #cloud, #fintech, #AI, #dividends, #running #trails, #trailrunning', 'url': None, 'entities': {'description': {'urls': []}}, 'protected': False, 'followers_count': 212, 'friends_count': 713, 'listed_count': 17, 'created_at': 'Thu Mar 24 18:10:54 +0000 2011', 'favourites_count': 1024, 'utc_offset': None, 'time_zone': None, 'geo_enabled': False, 'verified': False, 'statuses_count': 1871, 'lang': 'en', 'contributors_enabled': False, 'is_translator': False, 'is_translation_enabled': False, 'profile_background_color': 'C0DEED', 'profile_background_image_url': 'http://abs.twimg.com/images/themes/theme1/bg.png', 'profile_background_image_url_https': 'https://abs.twimg.com/images/themes/theme1/bg.png', 'profile_background_tile': False, 'profile_image_url': 'http://pbs.twimg.com/profile_images/1059142167828942848/7JT6A8iS_normal.jpg', 'profile_image_url_https': 'https://pbs.twimg.com/profile_images/1059142167828942848/7JT6A8iS_normal.jpg', 'profile_banner_url': 'https://pbs.twimg.com/profile_banners/271533436/1536503237', 'profile_link_color': '1DA1F2', 'profile_sidebar_border_color': 'C0DEED', 'profile_sidebar_fill_color': 'DDEEF6', 'profile_text_color': '333333', 'profile_use_background_image': True, 'has_extended_profile': False, 'default_profile': True, 'default_profile_image': False, 'following': False, 'follow_request_sent': False, 'notifications': False, 'translator_type': 'none'}"
17,,,Sun Nov 04 21:54:12 +0000 2018,"{'hashtags': [], 'symbols': [], 'user_mentions': [{'screen_name': 'LilNasX', 'name': 'nope', 'id': 754006735468261376, 'id_str': '754006735468261376', 'indices': [3, 11]}], 'urls': []}",,0,False,,1059202177573343232,1059202177573343232,,,,,,False,en,"{'iso_language_code': 'en', 'result_type': 'recent'}",,,,,26582,False,"{'created_at': 'Sun Nov 04 07:47:38 +0000 2018', 'id': 1058989131454406656, 'id_str': '1058989131454406656', 'text': 'nobody: \n\nnigga who smokes weed on snapchat all day: i know they praying on my downfall', 'truncated': False, 'entities': {'hashtags': [], 'symbols': [], 'user_mentions': [], 'urls': []}, 'metadata': {'iso_language_code': 'en', 'result_type': 'recent'}, 'source': '<a href=""http://twitter.com/download/iphone"" rel=""nofollow"">Twitter for iPhone</a>', 'in_reply_to_status_id': None, 'in_reply_to_status_id_str': None, 'in_reply_to_user_id': None, 'in_reply_to_user_id_str': None, 'in_reply_to_screen_name': None, 'user': {'id': 754006735468261376, 'id_str': '754006735468261376', 'name': 'nope', 'screen_name': 'LilNasX', 'location': 'atl', 'description': 'nasarati out now. booking & features: lilnasx2@gmail.com https://t.co/3ZUo4lQLXP click the link below to peep my music', 'url': 'https://t.co/br8lEMY0wP', 'entities': {'url': {'urls': [{'url': 'https://t.co/br8lEMY0wP', 'expanded_url': 'http://lilnasx.com', 'display_url': 'lilnasx.com', 'indices': [0, 23]}]}, 'description': {'urls': [{'url': 'https://t.co/3ZUo4lQLXP', 'expanded_url': 'http://Instagram.com/lilnasx', 'display_url': 'Instagram.com/lilnasx', 'indices': [57, 80]}]}}, 'protected': False, 'followers_count': 30970, 'friends_count': 485, 'listed_count': 657, 'created_at': 'Fri Jul 15 17:36:29 +0000 2016', 'favourites_count': 20861, 'utc_offset': None, 'time_zone': None, 'geo_enabled': True, 'verified': False, 'statuses_count': 2126, 'lang': 'en', 'contributors_enabled': False, 'is_translator': False, 'is_translation_enabled': False, 'profile_background_color': 'F5F8FA', 'profile_background_image_url': None, 'profile_background_image_url_https': None, 'profile_background_tile': False, 'profile_image_url': 'http://pbs.twimg.com/profile_images/1011848182043758597/8fPPIz7S_normal.jpg', 'profile_image_url_https': 'https://pbs.twimg.com/profile_images/1011848182043758597/8fPPIz7S_normal.jpg', 'profile_banner_url': 'https://pbs.twimg.com/profile_banners/754006735468261376/1530075729', 'profile_link_color': '1DA1F2', 'profile_sidebar_border_color': 'C0DEED', 'profile_sidebar_fill_color': 'DDEEF6', 'profile_text_color': '333333', 'profile_use_background_image': True, 'has_extended_profile': True, 'default_profile': True, 'default_profile_image': False, 'following': False, 'follow_request_sent': False, 'notifications': False, 'translator_type': 'none'}, 'geo': None, 'coordinates': None, 'place': None, 'contributors': None, 'is_quote_status': False, 'retweet_count': 26582, 'favorite_count': 111420, 'favorited': False, 'retweeted': False, 'lang': 'en'}","<a href=""http://twitter.com/download/iphone"" rel=""nofollow"">Twitter for iPhone</a>","RT @LilNasX: nobody: 

nigga who smokes weed on snapchat all day: i know they praying on my downfall",False,"{'id': 1733333917, 'id_str': '1733333917', 'name': 'kam', 'screen_name': 'iamkamron', 'location': '', 'description': 'king', 'url': None, 'entities': {'description': {'urls': []}}, 'protected': False, 'followers_count': 1524, 'friends_count': 599, 'listed_count': 16, 'created_at': 'Thu Sep 05 22:48:49 +0000 2013', 'favourites_count': 23350, 'utc_offset': None, 'time_zone': None, 'geo_enabled': True, 'verified': False, 'statuses_count': 68034, 'lang': 'en', 'contributors_enabled': False, 'is_translator': False, 'is_translation_enabled': False, 'profile_background_color': 'C0DEED', 'profile_background_image_url': 'http://abs.twimg.com/images/themes/theme1/bg.png', 'profile_background_image_url_https': 'https://abs.twimg.com/images/themes/theme1/bg.png', 'profile_background_tile': True, 'profile_image_url': 'http://pbs.twimg.com/profile_images/938077929422012417/Se3_nrF0_normal.jpg', 'profile_image_url_https': 'https://pbs.twimg.com/profile_images/938077929422012417/Se3_nrF0_normal.jpg', 'profile_banner_url': 'https://pbs.twimg.com/profile_banners/1733333917/1512490183', 'profile_link_color': '0084B4', 'profile_sidebar_border_color': 'FFFFFF', 'profile_sidebar_fill_color': 'DDEEF6', 'profile_text_color': '333333', 'profile_use_background_image': True, 'has_extended_profile': True, 'default_profile': False, 'default_profile_image': False, 'following': False, 'follow_request_sent': False, 'notifications': False, 'translator_type': 'none'}"
18,,,Sun Nov 04 21:54:12 +0000 2018,"{'hashtags': [{'text': 'damn', 'indices': [72, 77]}], 'symbols': [], 'user_mentions': [], 'urls': []}",,0,False,,1059202175853834240,1059202175853834240,,,,,,False,en,"{'iso_language_code': 'en', 'result_type': 'recent'}",,,,,0,False,,"<a href=""http://twitter.com/download/iphone"" rel=""nofollow"">Twitter for iPhone</a>","80s Babies Sold CRACKüçö 
90s Babies Sold WEEDüçÉ 
2000 Babies Sell PUSSYüí¶üò≠
#damnü§¶üèΩ‚Äç‚ôÇÔ∏èü§£ü§£üëä",False,"{'id': 1032572999478792197, 'id_str': '1032572999478792197', 'name': 'NeverBrokeAgainüñ§üêç', 'screen_name': 'rudeassbam', 'location': '510 ‚úàÔ∏è 812', 'description': 'new account ‚Ä¢ my other acct @d0pestr0ke ‚Ä¢ (yes im a girlüè≥Ô∏è\u200düåà) ‚Ä¢ BAY AREA born & raised üñêüèΩ‚òùüèΩüëåüèΩ', 'url': None, 'entities': {'description': {'urls': []}}, 'protected': False, 'followers_count': 102, 'friends_count': 214, 'listed_count': 0, 'created_at': 'Thu Aug 23 10:19:22 +0000 2018', 'favourites_count': 715, 'utc_offset': None, 'time_zone': None, 'geo_enabled': False, 'verified': False, 'statuses_count': 693, 'lang': 'en', 'contributors_enabled': False, 'is_translator': False, 'is_translation_enabled': False, 'profile_background_color': 'F5F8FA', 'profile_background_image_url': None, 'profile_background_image_url_https': None, 'profile_background_tile': False, 'profile_image_url': 'http://pbs.twimg.com/profile_images/1059173347119034369/nzo10syU_normal.jpg', 'profile_image_url_https': 'https://pbs.twimg.com/profile_images/1059173347119034369/nzo10syU_normal.jpg', 'profile_banner_url': 'https://pbs.twimg.com/profile_banners/1032572999478792197/1541361610', 'profile_link_color': '1DA1F2', 'profile_sidebar_border_color': 'C0DEED', 'profile_sidebar_fill_color': 'DDEEF6', 'profile_text_color': '333333', 'profile_use_background_image': True, 'has_extended_profile': True, 'default_profile': True, 'default_profile_image': False, 'following': False, 'follow_request_sent': False, 'notifications': False, 'translator_type': 'none'}"
19,,,Sun Nov 04 21:54:09 +0000 2018,"{'hashtags': [], 'symbols': [], 'user_mentions': [{'screen_name': 'KissMyAshhhhh', 'name': 'üç≠', 'id': 755487312608268288, 'id_str': '755487312608268288', 'indices': [3, 17]}], 'urls': []}",,0,False,,1059202164256636928,1059202164256636928,,,,,,False,en,"{'iso_language_code': 'en', 'result_type': 'recent'}",,,,,561,False,"{'created_at': 'Sat Nov 03 20:37:46 +0000 2018', 'id': 1058820552524226560, 'id_str': '1058820552524226560', 'text': 'i‚Äôll go in anywhere smelling like weed sorry ion give a fuck bitch i‚Äôm high lol', 'truncated': False, 'entities': {'hashtags': [], 'symbols': [], 'user_mentions': [], 'urls': []}, 'metadata': {'iso_language_code': 'en', 'result_type': 'recent'}, 'source': '<a href=""http://twitter.com/download/iphone"" rel=""nofollow"">Twitter for iPhone</a>', 'in_reply_to_status_id': None, 'in_reply_to_status_id_str': None, 'in_reply_to_user_id': None, 'in_reply_to_user_id_str': None, 'in_reply_to_screen_name': None, 'user': {'id': 755487312608268288, 'id_str': '755487312608268288', 'name': 'üç≠', 'screen_name': 'KissMyAshhhhh', 'location': '', 'description': '19 and poppin', 'url': None, 'entities': {'description': {'urls': []}}, 'protected': False, 'followers_count': 906, 'friends_count': 308, 'listed_count': 0, 'created_at': 'Tue Jul 19 19:39:46 +0000 2016', 'favourites_count': 9078, 'utc_offset': None, 'time_zone': None, 'geo_enabled': True, 'verified': False, 'statuses_count': 8519, 'lang': 'en', 'contributors_enabled': False, 'is_translator': False, 'is_translation_enabled': False, 'profile_background_color': 'F5F8FA', 'profile_background_image_url': None, 'profile_background_image_url_https': None, 'profile_background_tile': False, 'profile_image_url': 'http://pbs.twimg.com/profile_images/1058943071994478592/nzHgPs5r_normal.jpg', 'profile_image_url_https': 'https://pbs.twimg.com/profile_images/1058943071994478592/nzHgPs5r_normal.jpg', 'profile_banner_url': 'https://pbs.twimg.com/profile_banners/755487312608268288/1539952755', 'profile_link_color': '1DA1F2', 'profile_sidebar_border_color': 'C0DEED', 'profile_sidebar_fill_color': 'DDEEF6', 'profile_text_color': '333333', 'profile_use_background_image': True, 'has_extended_profile': True, 'default_profile': True, 'default_profile_image': False, 'following': False, 'follow_request_sent': False, 'notifications': False, 'translator_type': 'none'}, 'geo': None, 'coordinates': None, 'place': None, 'contributors': None, 'is_quote_status': False, 'retweet_count': 561, 'favorite_count': 1012, 'favorited': False, 'retweeted': False, 'lang': 'en'}","<a href=""http://twitter.com/download/iphone"" rel=""nofollow"">Twitter for iPhone</a>",RT @KissMyAshhhhh: i‚Äôll go in anywhere smelling like weed sorry ion give a fuck bitch i‚Äôm high lol,False,"{'id': 326637990, 'id_str': '326637990', 'name': 'Shuny', 'screen_name': 'iiScoob_Haley', 'location': 'Memphis, TN Paper route ', 'description': '‚Ä† Shuny | #TeamVirgo ‚ôç | |Aspiring Model | IG/SC @scoobhaley', 'url': 'https://t.co/ULMkvzyD0x', 'entities': {'url': {'urls': [{'url': 'https://t.co/ULMkvzyD0x', 'expanded_url': 'http://shun-drey-yah.tumblr.com/', 'display_url': 'shun-drey-yah.tumblr.com', 'indices': [0, 23]}]}, 'description': {'urls': []}}, 'protected': False, 'followers_count': 6491, 'friends_count': 6515, 'listed_count': 10, 'created_at': 'Thu Jun 30 07:18:01 +0000 2011', 'favourites_count': 9354, 'utc_offset': None, 'time_zone': None, 'geo_enabled': True, 'verified': False, 'statuses_count': 18740, 'lang': 'en', 'contributors_enabled': False, 'is_translator': False, 'is_translation_enabled': False, 'profile_background_color': 'FF00A2', 'profile_background_image_url': 'http://abs.twimg.com/images/themes/theme1/bg.png', 'profile_background_image_url_https': 'https://abs.twimg.com/images/themes/theme1/bg.png', 'profile_background_tile': True, 'profile_image_url': 'http://pbs.twimg.com/profile_images/1058376501547151361/Ik_OIGlz_normal.jpg', 'profile_image_url_https': 'https://pbs.twimg.com/profile_images/1058376501547151361/Ik_OIGlz_normal.jpg', 'profile_banner_url': 'https://pbs.twimg.com/profile_banners/326637990/1482270984', 'profile_link_color': 'FA8CA9', 'profile_sidebar_border_color': '988CA1', 'profile_sidebar_fill_color': '301430', 'profile_text_color': '7D687D', 'profile_use_background_image': True, 'has_extended_profile': True, 'default_profile': False, 'default_profile_image': False, 'following': False, 'follow_request_sent': False, 'notifications': False, 'translator_type': 'regular'}"
